"ruta","tipo","coleccion","plantilla","enSitemap"
"/","estatica","","index.html","si"
"/about","estatica","","about.html","si"
"/blogs-tips","estatica","","blogs-tips.html","si"
"/brochures","estatica","","brochures.html","si"
"/contact-us","estatica","","contact-us.html","si"
"/gallery","estatica","","gallery.html","si"
"/industry-solutions","estatica","","industry-solutions.html","si"
"/pool-cost-estimator","estatica","","pool-cost-estimator.html","si"
"/projects","estatica","","projects.html","si"
"/request-estimated","estatica","","request-estimated.html","si"
"/testimonials","estatica","","testimonials.html","si"
"/videos","estatica","","videos.html","si"
"/where-we-serve","estatica","","where-we-serve.html","si"
"/pool-investment-estimator","estatica-oculta","","(no está en el export; capturar del sitio vivo)","NO"
"/services/pergola-builders","coleccion","residentials","detail_services.html","si"
"/services/irrigation-systems","coleccion","residentials","detail_services.html","si"
"/services/deck-builders","coleccion","residentials","detail_services.html","si"
"/services/landscaping","coleccion","residentials","detail_services.html","si"
"/services/louvered-roofs","coleccion","residentials","detail_services.html","si"
"/services/outdoor-furniture","coleccion","residentials","detail_services.html","si"
"/services/outdoor-kitchens","coleccion","residentials","detail_services.html","si"
"/services/patio-screen-rooms","coleccion","residentials","detail_services.html","si"
"/services/steel-buildings-pole-barns","coleccion","residentials","detail_services.html","si"
"/services/pool-builders","coleccion","residentials","detail_services.html","si"
"/services/pool-remodeling","coleccion","residentials","detail_services.html","si"
"/services/pool-screen-enclosures","coleccion","residentials","detail_services.html","si"
"/services/retractable-screens","coleccion","residentials","detail_services.html","si"
"/services/soffit-led-lighting","coleccion","residentials","detail_services.html","si"
"/services/pool-builders/alachua-fl","coleccion","pool-builders","detail_pool-builders.html","si"
"/services/pool-builders/archer-fl","coleccion","pool-builders","detail_pool-builders.html","si"
"/services/pool-builders/atlantis-fl","coleccion","pool-builders","detail_pool-builders.html","si"
"/services/pool-builders/boca-raton-fl","coleccion","pool-builders","detail_pool-builders.html","si"
"/services/pool-builders/boynton-beach-fl","coleccion","pool-builders","detail_pool-builders.html","si"
"/services/pool-builders/cedar-key-fl","coleccion","pool-builders","detail_pool-builders.html","si"
"/services/pool-builders/chiefland-fl","coleccion","pool-builders","detail_pool-builders.html","si"
"/services/pool-builders/cross-city-fl","coleccion","pool-builders","detail_pool-builders.html","si"
"/services/pool-builders/dania-beach-fl","coleccion","pool-builders","detail_pool-builders.html","si"
"/services/pool-builders/davie-fl","coleccion","pool-builders","detail_pool-builders.html","si"
"/services/pool-builders/deerfield-beach-fl","coleccion","pool-builders","detail_pool-builders.html","si"
"/services/pool-builders/delray-beach-fl","coleccion","pool-builders","detail_pool-builders.html","si"
"/services/pool-builders/fanning-springs-fl","coleccion","pool-builders","detail_pool-builders.html","si"
"/services/pool-builders/fort-lauderdale-fl","coleccion","pool-builders","detail_pool-builders.html","si"
"/services/pool-builders/gainesville-fl","coleccion","pool-builders","detail_pool-builders.html","si"
"/services/pool-builders/gulf-stream-fl","coleccion","pool-builders","detail_pool-builders.html","si"
"/services/pool-builders/hallandale-beach-fl","coleccion","pool-builders","detail_pool-builders.html","si"
"/services/pool-builders/hawthorne-fl","coleccion","pool-builders","detail_pool-builders.html","si"
"/services/pool-builders/high-springs-fl","coleccion","pool-builders","detail_pool-builders.html","si"
"/services/pool-builders/hillsboro-beach-fl","coleccion","pool-builders","detail_pool-builders.html","si"
"/services/pool-builders/hollywood-fl","coleccion","pool-builders","detail_pool-builders.html","si"
"/services/pool-builders/hypoluxo-fl","coleccion","pool-builders","detail_pool-builders.html","si"
"/services/pool-builders/juno-beach-fl","coleccion","pool-builders","detail_pool-builders.html","si"
"/services/pool-builders/jupiter-fl","coleccion","pool-builders","detail_pool-builders.html","si"
"/services/pool-builders/lake-city-fl","coleccion","pool-builders","detail_pool-builders.html","si"
"/services/pool-builders/lighthouse-point-fl","coleccion","pool-builders","detail_pool-builders.html","si"
"/services/pool-builders/manalapan-fl","coleccion","pool-builders","detail_pool-builders.html","si"
"/services/pool-builders/mcintosh-fl","coleccion","pool-builders","detail_pool-builders.html","si"
"/services/pool-builders/micanopy-fl","coleccion","pool-builders","detail_pool-builders.html","si"
"/services/pool-builders/miramar-fl","coleccion","pool-builders","detail_pool-builders.html","si"
"/services/pool-builders/newberry-fl","coleccion","pool-builders","detail_pool-builders.html","si"
"/services/pool-builders/north-palm-beach-fl","coleccion","pool-builders","detail_pool-builders.html","si"
"/services/pool-builders/ocala-fl","coleccion","pool-builders","detail_pool-builders.html","si"
"/services/pool-builders/ocean-ridge-fl","coleccion","pool-builders","detail_pool-builders.html","si"
"/services/pool-builders/old-town-fl","coleccion","pool-builders","detail_pool-builders.html","si"
"/services/pool-builders/palatka-fl","coleccion","pool-builders","detail_pool-builders.html","si"
"/services/pool-builders/palm-beach-gardens-fl","coleccion","pool-builders","detail_pool-builders.html","si"
"/services/pool-builders/parkland-fl","coleccion","pool-builders","detail_pool-builders.html","si"
"/services/pool-builders/pembroke-pines-fl","coleccion","pool-builders","detail_pool-builders.html","si"
"/services/pool-builders/plantation-fl","coleccion","pool-builders","detail_pool-builders.html","si"
"/services/pool-builders/pompano-beach-fl","coleccion","pool-builders","detail_pool-builders.html","si"
"/services/pool-builders/reddick-fl","coleccion","pool-builders","detail_pool-builders.html","si"
"/services/pool-builders/royal-palm-beach-fl","coleccion","pool-builders","detail_pool-builders.html","si"
"/services/pool-builders/south-palm-beach-fl","coleccion","pool-builders","detail_pool-builders.html","si"
"/services/pool-builders/southwest-ranches-fl","coleccion","pool-builders","detail_pool-builders.html","si"
"/services/pool-builders/tequesta-fl","coleccion","pool-builders","detail_pool-builders.html","si"
"/services/pool-builders/trenton-fl","coleccion","pool-builders","detail_pool-builders.html","si"
"/services/pool-builders/waldo-fl","coleccion","pool-builders","detail_pool-builders.html","si"
"/services/pool-builders/wellington-fl","coleccion","pool-builders","detail_pool-builders.html","si"
"/services/pool-builders/west-palm-beach-fl","coleccion","pool-builders","detail_pool-builders.html","si"
"/services/pool-builders/weston-fl","coleccion","pool-builders","detail_pool-builders.html","si"
"/services/pool-builders/williston-fl","coleccion","pool-builders","detail_pool-builders.html","si"
"/services/pool-builders/wilton-manors-fl","coleccion","pool-builders","detail_pool-builders.html","si"
"/project/luxury-pool-motorized-pergola-screens-south-florida","coleccion","projects","detail_project.html","si"
"/project/luxury-pool-pergola-outdoor-living-south-florida","coleccion","projects","detail_project.html","si"
"/project/luxury-pool-spa-screen-enclosure-north-florida","coleccion","projects","detail_project.html","si"
"/project/luxury-pool-spa-with-screen-enclosure-north-florida","coleccion","projects","detail_project.html","si"
"/project/luxury-pool-motorized-pergola-outdoor-kitchen-north-florida","coleccion","projects","detail_project.html","si"
"/project/luxury-pool-motorized-pergola-screen-enclosure-north-florida","coleccion","projects","detail_project.html","si"
"/project/luxury-pool-pergola-outdoor-kitchen-south-florida","coleccion","projects","detail_project.html","si"
"/project/modern-pool-motorized-pergola-south-florida","coleccion","projects","detail_project.html","si"
"/project/residential-pool-pergola-outdoor-dining-north-florida","coleccion","projects","detail_project.html","si"
"/project/south-florida-backyard-pool-wood-pergola","coleccion","projects","detail_project.html","si"
"/blogs/commercial-pool-construction-in-florida-what-decision-makers-must-know","coleccion","blogs","detail_blogs.html","si"
"/blogs/common-pool-construction-mistakes-we-see-in-florida","coleccion","blogs","detail_blogs.html","si"
"/blogs/complete-guide-to-pool-construction-in-florida-costs-timeline-process","coleccion","blogs","detail_blogs.html","si"
"/blogs/how-outdoor-living-spaces-increase-property-value-in-florida","coleccion","blogs","detail_blogs.html","si"
"/blogs/new-pool-construction-vs-pool-remodeling-which-is-right-for-you","coleccion","blogs","detail_blogs.html","si"
"/blogs/outdoor-living-design-guide-for-florida-homes","coleccion","blogs","detail_blogs.html","si"
"/blogs/pool-construction-timeline-in-florida-what-to-expect-from-start-to-finish","coleccion","blogs","detail_blogs.html","si"
"/blogs/residential-vs-commercial-pool-construction-in-florida","coleccion","blogs","detail_blogs.html","si"
"/blogs/top-10-luxury-pool-designs-for-florida-homes","coleccion","blogs","detail_blogs.html","si"
"/blogs/what-permits-are-required-for-pool-construction-in-florida","coleccion","blogs","detail_blogs.html","si"
"/services/pool-builders/alachua-county-fl","coleccion","countries","detail_country.html","si"
"/services/pool-builders/broward-county-fl","coleccion","countries","detail_country.html","si"
"/services/pool-builders/columbia-county-fl","coleccion","countries","detail_country.html","si"
"/services/pool-builders/dixie-county-fl","coleccion","countries","detail_country.html","si"
"/services/pool-builders/gilchrist-county-fl","coleccion","countries","detail_country.html","si"
"/services/pool-builders/levy-county-fl","coleccion","countries","detail_country.html","si"
"/services/pool-builders/marion-county-fl","coleccion","countries","detail_country.html","si"
"/services/pool-builders/palm-beach-county-fl","coleccion","countries","detail_country.html","si"
"/services/pool-builders/putnam-county-fl","coleccion","countries","detail_country.html","si"
"/articles/accessibility","coleccion","articles","detail_articles.html","si"
"/articles/privacy-policy","coleccion","articles","detail_articles.html","si"
"/articles/terms-conditions","coleccion","articles","detail_articles.html","si"
"/where-we-serve/north-florida","coleccion","where-we-serves","detail_where-we-serves.html","NO"
"/where-we-serve/south-florida","coleccion","where-we-serves","detail_where-we-serves.html","si"
