"dataWId","actionListId","eventTypeId","mediaQueries","arrancaEnOpacity0","paginas"
"41181522-7c59-1749-eb60-70505615b9d9","a-3","DROPDOWN_OPEN","main|medium|small|tiny","no","about.html|detail_industries.html"
"41181522-7c59-1749-eb60-70505615b9d9","a-4","DROPDOWN_CLOSE","main|medium|small|tiny","no","about.html|detail_industries.html"
"41181522-7c59-1749-eb60-70505615b9e2","a-3","DROPDOWN_OPEN","main|medium|small|tiny","no","about.html|detail_industries.html"
"41181522-7c59-1749-eb60-70505615b9e2","a-4","DROPDOWN_CLOSE","main|medium|small|tiny","no","about.html|detail_industries.html"
"41181522-7c59-1749-eb60-70505615b9fd","a-3","DROPDOWN_OPEN","main|medium|small|tiny","no","about.html|detail_industries.html"
"41181522-7c59-1749-eb60-70505615b9fd","a-4","DROPDOWN_CLOSE","main|medium|small|tiny","no","about.html|detail_industries.html"
"41181522-7c59-1749-eb60-70505615b9f4","a-3","DROPDOWN_OPEN","main|medium|small|tiny","no","about.html|detail_industries.html"
"41181522-7c59-1749-eb60-70505615b9f4","a-4","DROPDOWN_CLOSE","main|medium|small|tiny","no","about.html|detail_industries.html"
"41181522-7c59-1749-eb60-70505615b9eb","a-3","DROPDOWN_OPEN","main|medium|small|tiny","no","about.html|detail_industries.html"
"41181522-7c59-1749-eb60-70505615b9eb","a-4","DROPDOWN_CLOSE","main|medium|small|tiny","no","about.html|detail_industries.html"
"12c8e489-ab6c-f74d-d0c2-18c43511ead7","growIn","SCROLL_INTO_VIEW","main|medium|small|tiny","no","detail_pool-builders.html|detail_where-we-serves.html"
"cf60ca62-e5b4-3461-9fff-7f4e9e3b64a9","growIn","SCROLL_INTO_VIEW","medium|small|tiny|main","no","detail_pool-builders.html|detail_where-we-serves.html"
"a5871642-3b6c-271b-3ec9-9fed5cbdb3f3","slideInRight","SCROLL_INTO_VIEW","main","SI","about.html"
"a5871642-3b6c-271b-3ec9-9fed5cbdb3f3","growIn","SCROLL_INTO_VIEW","medium|small|tiny","SI","about.html"
"f811c775-c524-2700-ed75-4a83bcf40c57","growIn","SCROLL_INTO_VIEW","main|medium|small|tiny","no","about.html|detail_country.html|detail_services.html|request-estimated.html"
"da22a66a-ad39-0d6d-2fa2-62cb4e178480","growIn","SCROLL_INTO_VIEW","main|medium|small|tiny","no","blogs-tips.html|brochures.html|contact-us.html|gallery.html|industry-solutions.html|projects.html|testimonials.html|videos.html"
"e94ffec7-4812-fbc6-e930-59a019961ce9","slideInRight","SCROLL_INTO_VIEW","main","SI","detail_country.html"
"e94ffec7-4812-fbc6-e930-59a019961ce9","growIn","SCROLL_INTO_VIEW","medium|small|tiny","SI","detail_country.html"
"90fb4871-cccb-5a13-f9e4-95b1df0636a2","slideInRight","SCROLL_INTO_VIEW","main","no","detail_pool-builders.html|detail_services.html|detail_where-we-serves.html|where-we-serve.html"
"90fb4871-cccb-5a13-f9e4-95b1df0636a2","growIn","SCROLL_INTO_VIEW","medium|small|tiny","no","detail_pool-builders.html|detail_services.html|detail_where-we-serves.html|where-we-serve.html"
"cf6e6112-50b1-b164-fee5-1e4b8c413058","slideInBottom","SCROLL_INTO_VIEW","main","SI","index.html"
"cf6e6112-50b1-b164-fee5-1e4b8c413058","growIn","SCROLL_INTO_VIEW","medium|small|tiny","SI","index.html"
"cf6e6112-50b1-b164-fee5-1e4b8c413043","growIn","SCROLL_INTO_VIEW","main","SI","index.html"
"330b3a3f-e72c-3f91-1f24-8dfe4f37952f","growIn","SCROLL_INTO_VIEW","main|medium|small|tiny","no","detail_industries.html|detail_pool-builders.html|detail_where-we-serves.html"
"330b3a3f-e72c-3f91-1f24-8dfe4f379534","growIn","SCROLL_INTO_VIEW","main|medium|small|tiny","no","detail_industries.html|detail_pool-builders.html|detail_where-we-serves.html"
"a1f123ae-345b-86a9-18b8-ddb864de3fab","growIn","SCROLL_INTO_VIEW","main|medium|small|tiny","no","detail_country.html|detail_pool-builders.html|detail_where-we-serves.html|index.html"
"d0e26d17-17a7-1637-e349-7157550d6e66","slideInBottom","SCROLL_INTO_VIEW","main|medium|small|tiny","no","detail_country.html|detail_pool-builders.html|detail_where-we-serves.html|index.html"
"fd6a65e1-6acd-7404-311b-159de074845d","growIn","SCROLL_INTO_VIEW","main|medium|small|tiny","no","detail_country.html|detail_where-we-serves.html|index.html"
"1b3f0000-6760-ab5a-e8a8-0451b5923b92","growIn","SCROLL_INTO_VIEW","main|medium|small|tiny","no","detail_country.html|detail_pool-builders.html|detail_where-we-serves.html|index.html|industry-solutions.html"
"c6964fce-5218-8f0d-f211-580d83969ae1","growIn","SCROLL_INTO_VIEW","main|medium|small|tiny","no","detail_country.html|detail_pool-builders.html|detail_where-we-serves.html|index.html|industry-solutions.html"
"34cd3ced-83f1-045b-fd89-afc4ef847f4a","growIn","SCROLL_INTO_VIEW","main|medium|small|tiny","no","contact-us.html|detail_country.html|detail_industries.html|detail_pool-builders.html|detail_services.html|detail_where-we-serves.html|index.html|industry-solutions.html|videos.html"
"74852c7c-aeb3-35a7-5cf1-44f4ce6ecae5","growIn","SCROLL_INTO_VIEW","main|medium|small|tiny","no","contact-us.html|detail_country.html|detail_industries.html|detail_pool-builders.html|detail_services.html|detail_where-we-serves.html|index.html|industry-solutions.html|videos.html"
"dfdd7317-58e7-27b3-99a6-2c20a5e8a7be","growIn","SCROLL_INTO_VIEW","main|medium|small|tiny","no","about.html|contact-us.html|detail_industries.html|detail_services.html|index.html"
"dfdd7317-58e7-27b3-99a6-2c20a5e8a7c8","growIn","SCROLL_INTO_VIEW","main|medium|small|tiny","no","about.html|contact-us.html|detail_industries.html|detail_services.html|index.html"
"1751d21a-c7f6-4875-4d5c-669cd0d5b935","growIn","SCROLL_INTO_VIEW","main|medium|small|tiny","no","about.html|blogs-tips.html|contact-us.html|detail_articles.html|detail_blogs.html|detail_industries.html|detail_pool-builders.html|detail_project.html|detail_services.html|detail_where-we-serves.html|gallery.html|index.html|industry-solutions.html|projects.html|testimonials.html|videos.html|where-we-serve.html"
"d04947c9-3ba7-2add-caaa-9414425e8391","growIn","SCROLL_INTO_VIEW","main|medium|small|tiny","no","about.html|blogs-tips.html|contact-us.html|detail_articles.html|detail_blogs.html|detail_country.html|detail_industries.html|detail_pool-builders.html|detail_project.html|detail_services.html|detail_where-we-serves.html|gallery.html|index.html|industry-solutions.html|pool-cost-estimator.html|projects.html|request-estimated.html|testimonials.html|videos.html|where-we-serve.html"
"d04947c9-3ba7-2add-caaa-9414425e83ec","slideInBottom","SCROLL_INTO_VIEW","main|medium|small|tiny","no","about.html|blogs-tips.html|contact-us.html|detail_articles.html|detail_blogs.html|detail_country.html|detail_industries.html|detail_pool-builders.html|detail_project.html|detail_services.html|detail_where-we-serves.html|gallery.html|index.html|industry-solutions.html|pool-cost-estimator.html|projects.html|request-estimated.html|testimonials.html|videos.html|where-we-serve.html"
"d04947c9-3ba7-2add-caaa-9414425e83ed","slideInBottom","SCROLL_INTO_VIEW","main|medium|small|tiny","no","about.html|blogs-tips.html|contact-us.html|detail_articles.html|detail_blogs.html|detail_country.html|detail_industries.html|detail_pool-builders.html|detail_project.html|detail_services.html|detail_where-we-serves.html|gallery.html|index.html|industry-solutions.html|pool-cost-estimator.html|projects.html|request-estimated.html|testimonials.html|videos.html|where-we-serve.html"
"104e5641-1772-a28a-2e88-eb218a2ddf8c","growIn","SCROLL_INTO_VIEW","main|medium|small|tiny","no","detail_country.html|detail_pool-builders.html|detail_services.html|detail_where-we-serves.html|index.html"
"8cc34998-48e5-bb72-accf-221a7753f4ed","slideInLeft","SCROLL_INTO_VIEW","main","SI","about.html"
"8cc34998-48e5-bb72-accf-221a7753f4ed","growIn","SCROLL_INTO_VIEW","medium|small|tiny","SI","about.html"
"0826fe29-babd-e8fb-0a42-82cd5580ecf8","growIn","SCROLL_INTO_VIEW","main|medium|small|tiny","no","about.html"
"cf0c09d3-d0b4-ba92-42a2-cec01a9dee35","slideInRight","SCROLL_INTO_VIEW","main","SI","about.html"
"cf0c09d3-d0b4-ba92-42a2-cec01a9dee35","growIn","SCROLL_INTO_VIEW","medium|small|tiny","SI","about.html"
"764f3c21-6644-7827-7b7a-25bbd0e40a23","growIn","SCROLL_INTO_VIEW","main|medium|small|tiny","no","about.html|detail_industries.html"
"906333cc-167b-479c-ae94-f7ad46037af5","growIn","SCROLL_INTO_VIEW","main|medium|small|tiny","no","where-we-serve.html"
"11be53e8-68d1-13b1-051c-1b12ca00c3c8","slideInRight","SCROLL_INTO_VIEW","main","SI","where-we-serve.html"
"11be53e8-68d1-13b1-051c-1b12ca00c3c8","growIn","SCROLL_INTO_VIEW","medium|small|tiny","SI","where-we-serve.html"
"92e1d430-1509-d840-e593-ae3928b4eb32","slideInLeft","SCROLL_INTO_VIEW","main","SI","where-we-serve.html"
"92e1d430-1509-d840-e593-ae3928b4eb32","growIn","SCROLL_INTO_VIEW","medium|small|tiny","SI","where-we-serve.html"
"1b20b605-66d2-6f57-e097-e26fe4167c0a","growIn","SCROLL_INTO_VIEW","main|medium|small|tiny","no",""
"1e09eb34-5dfa-c000-dc70-f8f9d5c27f43","slideInLeft","SCROLL_INTO_VIEW","main","SI","industry-solutions.html"
"474f47ea-6325-34d5-2f9c-e6f5417b28fa","slideInRight","SCROLL_INTO_VIEW","main","SI","industry-solutions.html"
"cd6507e1-0ec2-bd3c-9308-2d1cad256861","growIn","SCROLL_INTO_VIEW","main|medium|small|tiny","no","industry-solutions.html"
"3e7b68e7-e033-ed34-b3a7-e87aed50972d","slideInLeft","SCROLL_INTO_VIEW","main","no","detail_country.html|detail_services.html|industry-solutions.html"
"3e7b68e7-e033-ed34-b3a7-e87aed50972d","growIn","SCROLL_INTO_VIEW","medium|small|tiny","no","detail_country.html|detail_services.html|industry-solutions.html"
"7740b952-2d34-d915-8ab9-fb41fe6bef4f","growIn","SCROLL_INTO_VIEW","main|medium|small|tiny","no","industry-solutions.html"
"d211c388-c60a-576c-7bc5-bd0a69d515f2","slideInBottom","SCROLL_INTO_VIEW","main|medium|small|tiny","no","industry-solutions.html"
"de7e2f7f-c51a-bd7a-73f4-2ff969d96a30","growIn","SCROLL_INTO_VIEW","main|medium|small|tiny","no","gallery.html"
"f30b2632-1bf6-6018-673f-aea37a006b0c","slideInBottom","SCROLL_INTO_VIEW","main|medium|small|tiny","no","gallery.html"
"967f80fd-c8b4-d4ec-5c6a-6f86b266ef37","growIn","SCROLL_INTO_VIEW","main|medium|small|tiny","no","testimonials.html"
"eca9d6ae-b2ac-947b-aa5b-6c02e740fb95","growIn","SCROLL_INTO_VIEW","main|medium|small|tiny","no","projects.html"
"f2018093-a560-305b-864e-5a2b0e197ff7","growIn","SCROLL_INTO_VIEW","main|medium|small|tiny","no","videos.html"
"fcac010e-d972-8847-d717-c8f4bdcd6aaa","growIn","SCROLL_INTO_VIEW","main|medium|small|tiny","no","blogs-tips.html"
"53096b5c-0f9c-8865-b9e9-f40105bfcddf","slideInLeft","SCROLL_INTO_VIEW","main","SI","contact-us.html"
"53096b5c-0f9c-8865-b9e9-f40105bfcddf","growIn","SCROLL_INTO_VIEW","medium|small|tiny","SI","contact-us.html"
"d01628ed-7f34-9b3f-2b4a-9f22c92ec16a","growIn","SCROLL_INTO_VIEW","main|medium|small|tiny","no","request-estimated.html"
"69e4df55-86c1-a89d-281e-f454cb25cb86","growIn","SCROLL_INTO_VIEW","main|medium|small|tiny","no","request-estimated.html"
"e8f76016-477e-e66e-7c25-4392c5f6cba0","slideInLeft","SCROLL_INTO_VIEW","main","no",""
"e8f76016-477e-e66e-7c25-4392c5f6cba0","growIn","SCROLL_INTO_VIEW","medium|small|tiny","no",""
"983862a7-3688-6e3b-afeb-1962d292774b","growIn","SCROLL_INTO_VIEW","main|medium|small|tiny","no","detail_services.html"
"f2721b05-6e5e-044b-b7c9-7a2a8bd783b4","growIn","SCROLL_INTO_VIEW","main|medium|small|tiny","no","detail_services.html"
"98524246-2fbc-e691-5ab8-2715913bd179","growIn","SCROLL_INTO_VIEW","main|medium|small|tiny","no","detail_country.html|detail_industries.html"
"98524246-2fbc-e691-5ab8-2715913bd17e","growIn","SCROLL_INTO_VIEW","main|medium|small|tiny","no","detail_country.html|detail_industries.html"
"2fcae327-fd1b-997d-dd27-fb51a95eef02","growIn","SCROLL_INTO_VIEW","main|medium|small|tiny","no",""
"dbbe8336-f746-006e-6caa-9f9daea7cc6a","growIn","SCROLL_INTO_VIEW","main|medium|small|tiny","no",""
"4e3ac630-04d8-ebcf-c5f5-c24ea7e9ba56","growIn","SCROLL_INTO_VIEW","main|medium|small|tiny","no","detail_blogs.html|detail_project.html"
"333e7244-2382-3d5a-9f96-e9d5e0ad3eae","growIn","SCROLL_INTO_VIEW","main|medium|small|tiny","no","detail_project.html"
"c5943ea8-2479-0b18-7289-2e4baa1a48c8","growIn","SCROLL_INTO_VIEW","main|medium|small|tiny","no","detail_country.html|detail_pool-builders.html|index.html"
"c5943ea8-2479-0b18-7289-2e4baa1a48ce","slideInBottom","SCROLL_INTO_VIEW","main|medium|small|tiny","no","detail_country.html|detail_pool-builders.html|index.html"
"a9d58cee-a069-e584-e711-80e05d28f337","growIn","SCROLL_INTO_VIEW","main","SI","detail_where-we-serves.html"
"a9d58cee-a069-e584-e711-80e05d28f33c","growIn","SCROLL_INTO_VIEW","medium|small|tiny","SI","detail_where-we-serves.html"
"a9d58cee-a069-e584-e711-80e05d28f33c","slideInBottom","SCROLL_INTO_VIEW","main","SI","detail_where-we-serves.html"
"29867a8a-c7e7-06a6-ef63-f3ef2789a89f","slideInRight","SCROLL_INTO_VIEW","main","SI","index.html"
"29867a8a-c7e7-06a6-ef63-f3ef2789a89f","growIn","SCROLL_INTO_VIEW","medium|small|tiny","SI","index.html"
"bf5925c7-6577-ba84-77a6-25f8d09f7373","growIn","SCROLL_INTO_VIEW","main|medium|small|tiny","no","index.html"
"f5ae371f-3a5a-84b7-3844-edd7198a776d","slideInLeft","SCROLL_INTO_VIEW","main","no",""
"f5ae371f-3a5a-84b7-3844-edd7198a776d","growIn","SCROLL_INTO_VIEW","medium|small|tiny","no",""
"dce80844-cc8a-923f-8fa1-aa91c1419f9a","growIn","SCROLL_INTO_VIEW","main|medium|small|tiny","no","detail_services.html"
"dce80844-cc8a-923f-8fa1-aa91c1419f9d","growIn","SCROLL_INTO_VIEW","main|medium|small|tiny","no","detail_services.html"
"9b1d2d0c-b40c-a640-03b8-677109a91025","growIn","SCROLL_INTO_VIEW","main|medium|small|tiny","no",""
"9b1d2d0c-b40c-a640-03b8-677109a9102a","growIn","SCROLL_INTO_VIEW","main|medium|small|tiny","no",""
"ca379aa5-e141-9c70-d7cc-cf56920cb8f1","growIn","SCROLL_INTO_VIEW","main|medium|small|tiny","no",""
"df442948-7719-1c67-0f50-9201c368c52f","slideInBottom","SCROLL_INTO_VIEW","main|medium|small|tiny","no","brochures.html"
"6a8f67a39235e3662e5721da","a-12","PAGE_SCROLL_UP","main|medium|small|tiny","no",""
"6a8f67a39235e3662e5721da","a-11","PAGE_SCROLL_DOWN","main|medium|small|tiny","no",""
"9f159d33-eb67-9087-202c-bab1e4077bc7","a-13","DROPDOWN_OPEN","main|medium|small|tiny","no","detail_services.html"
"9f159d33-eb67-9087-202c-bab1e4077bc7","a-14","DROPDOWN_CLOSE","main|medium|small|tiny","no","detail_services.html"
"9f159d33-eb67-9087-202c-bab1e4077bcf","a-13","DROPDOWN_OPEN","main|medium|small|tiny","no","detail_services.html"
"9f159d33-eb67-9087-202c-bab1e4077bcf","a-14","DROPDOWN_CLOSE","main|medium|small|tiny","no","detail_services.html"
"9f159d33-eb67-9087-202c-bab1e4077be7","a-13","DROPDOWN_OPEN","main|medium|small|tiny","no","detail_services.html"
"9f159d33-eb67-9087-202c-bab1e4077be7","a-14","DROPDOWN_CLOSE","main|medium|small|tiny","no","detail_services.html"
"9f159d33-eb67-9087-202c-bab1e4077bdf","a-13","DROPDOWN_OPEN","main|medium|small|tiny","no","detail_services.html"
"9f159d33-eb67-9087-202c-bab1e4077bdf","a-14","DROPDOWN_CLOSE","main|medium|small|tiny","no","detail_services.html"
"9f159d33-eb67-9087-202c-bab1e4077bd7","a-13","DROPDOWN_OPEN","main|medium|small|tiny","no","detail_services.html"
"9f159d33-eb67-9087-202c-bab1e4077bd7","a-14","DROPDOWN_CLOSE","main|medium|small|tiny","no","detail_services.html"
"9f159d33-eb67-9087-202c-bab1e4077bc3","growIn","SCROLL_INTO_VIEW","main|medium|small|tiny","no","detail_services.html"
"6a8f67a39235e3662e5721de","a-12","PAGE_SCROLL_UP","main|medium|small|tiny","no",""
"6a8f67a39235e3662e5721de","a-11","PAGE_SCROLL_DOWN","main|medium|small|tiny","no",""
"6a8f67a39235e3662e5721df","a-12","PAGE_SCROLL_UP","main|medium|small|tiny","no",""
"6a8f67a39235e3662e5721df","a-11","PAGE_SCROLL_DOWN","main|medium|small|tiny","no",""
"6a8f67a39235e3662e5721e8","a-12","PAGE_SCROLL_UP","main|medium|small|tiny","no",""
"6a8f67a39235e3662e5721e8","a-11","PAGE_SCROLL_DOWN","main|medium|small|tiny","no",""
"6a8f67a39235e3662e5721ed","a-12","PAGE_SCROLL_UP","main|medium|small|tiny","no",""
"6a8f67a39235e3662e5721ed","a-11","PAGE_SCROLL_DOWN","main|medium|small|tiny","no",""
"6a8f67a39235e3662e5721e0","a-12","PAGE_SCROLL_UP","main|medium|small|tiny","no",""
"6a8f67a39235e3662e5721e0","a-11","PAGE_SCROLL_DOWN","main|medium|small|tiny","no",""
"6a8f67a39235e3662e5721ef","a-12","PAGE_SCROLL_UP","main|medium|small|tiny","no",""
"6a8f67a39235e3662e5721ef","a-11","PAGE_SCROLL_DOWN","main|medium|small|tiny","no",""
"6a8f67a39235e3662e5721e1","a-12","PAGE_SCROLL_UP","main|medium|small|tiny","no",""
"6a8f67a39235e3662e5721e1","a-11","PAGE_SCROLL_DOWN","main|medium|small|tiny","no",""
"6a8f67a39235e3662e5721e2","a-12","PAGE_SCROLL_UP","main|medium|small|tiny","no",""
"6a8f67a39235e3662e5721e2","a-11","PAGE_SCROLL_DOWN","main|medium|small|tiny","no",""
"6a8f67a39235e3662e5721e6","a-12","PAGE_SCROLL_UP","main|medium|small|tiny","no",""
"6a8f67a39235e3662e5721e6","a-11","PAGE_SCROLL_DOWN","main|medium|small|tiny","no",""
"6a8f67a39235e3662e5721f2","a-12","PAGE_SCROLL_UP","main|medium|small|tiny","no",""
"6a8f67a39235e3662e5721f2","a-11","PAGE_SCROLL_DOWN","main|medium|small|tiny","no",""
"6a8f67a39235e3662e5721f3","a-12","PAGE_SCROLL_UP","main|medium|small|tiny","no",""
"6a8f67a39235e3662e5721f3","a-11","PAGE_SCROLL_DOWN","main|medium|small|tiny","no",""
"6a8f67a39235e3662e5721f7","a-12","PAGE_SCROLL_UP","main|medium|small|tiny","no",""
"6a8f67a39235e3662e5721f7","a-11","PAGE_SCROLL_DOWN","main|medium|small|tiny","no",""
"6a8f67a39235e3662e5721f4","a-12","PAGE_SCROLL_UP","main|medium|small|tiny","no",""
"6a8f67a39235e3662e5721f4","a-11","PAGE_SCROLL_DOWN","main|medium|small|tiny","no",""
"6a8f67a39235e3662e5721e7","a-12","PAGE_SCROLL_UP","main|medium|small|tiny","no",""
"6a8f67a39235e3662e5721e7","a-11","PAGE_SCROLL_DOWN","main|medium|small|tiny","no",""
"6a8f67a39235e3662e5721f0","a-12","PAGE_SCROLL_UP","main|medium|small|tiny","no",""
"6a8f67a39235e3662e5721f0","a-11","PAGE_SCROLL_DOWN","main|medium|small|tiny","no",""
"6a8f67a39235e3662e5721f1","a-12","PAGE_SCROLL_UP","main|medium|small|tiny","no",""
"6a8f67a39235e3662e5721f1","a-11","PAGE_SCROLL_DOWN","main|medium|small|tiny","no",""
"6a8f67a39235e3662e5721e5","a-12","PAGE_SCROLL_UP","main|medium|small|tiny","no",""
"6a8f67a39235e3662e5721e5","a-11","PAGE_SCROLL_DOWN","main|medium|small|tiny","no",""
"6a8f67a39235e3662e5721dd","a-12","PAGE_SCROLL_UP","main|medium|small|tiny","no",""
"6a8f67a39235e3662e5721dd","a-11","PAGE_SCROLL_DOWN","main|medium|small|tiny","no",""
"6a8f67a39235e3662e5721db","a-12","PAGE_SCROLL_UP","main|medium|small|tiny","no",""
"6a8f67a39235e3662e5721db","a-11","PAGE_SCROLL_DOWN","main|medium|small|tiny","no",""
"f72979fc-9196-9930-356a-1756486557d5","growIn","SCROLL_INTO_VIEW","main|medium|small|tiny","no","detail_pool-builders.html|detail_services.html|detail_where-we-serves.html|where-we-serve.html"
"53f4d2e0-9a7a-0e16-e20a-ab8f9e03c935","growIn","SCROLL_INTO_VIEW","main|medium|small|tiny","no","detail_pool-builders.html|detail_services.html|detail_where-we-serves.html|where-we-serve.html"
"8bad508e-9f02-2bc9-bf6d-6ac47990da3b","growIn","SCROLL_INTO_VIEW","main|medium|small|tiny","no","detail_pool-builders.html|detail_services.html|detail_where-we-serves.html|where-we-serve.html"
"29867a8a-c7e7-06a6-ef63-f3ef2789a898","growIn","SCROLL_INTO_VIEW","main|medium|small|tiny","no","index.html"
"29867a8a-c7e7-06a6-ef63-f3ef2789a89b","growIn","SCROLL_INTO_VIEW","main|medium|small|tiny","no","index.html"
"29867a8a-c7e7-06a6-ef63-f3ef2789a89d","growIn","SCROLL_INTO_VIEW","main|medium|small|tiny","no","index.html"
"a1804646-b89a-ceab-b036-65650e10edd8","slideInLeft","SCROLL_INTO_VIEW","main|medium|small|tiny","no","detail_services.html|index.html"
"a1804646-b89a-ceab-b036-65650e10ede2","slideInRight","SCROLL_INTO_VIEW","main|medium|small|tiny","no","detail_services.html|index.html"