Name,Slug,Collection ID,Locale ID,Item ID,Archived,Draft,Created On,Updated On,Published On,Cover,Metadata,File,Related Service,Categories Brochure
Irrigreen Brochure,irrigreen-brochure,6a8f67a39235e3662e572304,6a8f67a39235e3662e5721ff,6a8f67a39235e3662e57288d,false,false,Mon May 04 2026 17:18:12 GMT+0000 (Coordinated Universal Time),Mon May 04 2026 23:40:02 GMT+0000 (Coordinated Universal Time),,https://cdn.prod.website-files.com/6a8f67a39235e3662e5721fe/6a8f67a39235e3662e572705_69f8d4d23964b14413646d72_Irrigreen-Brochure.jpeg,Download our Irrigreen Brochure brochure,https://cdn.prod.website-files.com/6a8f67a39235e3662e5721fe/6a8f67a39235e3662e572706_69f8d4d3cd8102a84dccfb04_Irrigreen-Brochure.pdf,smart-irrigation-system-installation-in-north-south-florida,automated-irrigation
Irrigreen Smart Drip System,irrigreen-smart-drip-system,6a8f67a39235e3662e572304,6a8f67a39235e3662e5721ff,6a8f67a39235e3662e57288e,false,false,Mon May 04 2026 17:18:15 GMT+0000 (Coordinated Universal Time),Mon May 04 2026 23:40:02 GMT+0000 (Coordinated Universal Time),,https://cdn.prod.website-files.com/6a8f67a39235e3662e5721fe/6a8f67a39235e3662e572707_69f8d4d55d9a881a3e77753e_Irrigreen-Smart-Drip-System.jpeg,Download our Irrigreen Smart Drip System brochure,https://cdn.prod.website-files.com/6a8f67a39235e3662e5721fe/6a8f67a39235e3662e572708_69f8d4d6d5d16f7776136e8c_Irrigreen-Smart-Drip-System.pdf,smart-irrigation-system-installation-in-north-south-florida,automated-irrigation
Irrigreen Warranty,irrigreen-warranty,6a8f67a39235e3662e572304,6a8f67a39235e3662e5721ff,6a8f67a39235e3662e57288f,false,false,Mon May 04 2026 17:18:18 GMT+0000 (Coordinated Universal Time),Mon May 04 2026 23:40:02 GMT+0000 (Coordinated Universal Time),,https://cdn.prod.website-files.com/6a8f67a39235e3662e5721fe/6a8f67a39235e3662e57270a_69f8d4d8975e4857ee5020c6_Irrigreen-Warranty.jpeg,Download our Irrigreen Warranty brochure,https://cdn.prod.website-files.com/6a8f67a39235e3662e5721fe/6a8f67a39235e3662e572709_69f8d4d8f2e3c3fa906a5bba_Irrigreen-Warranty.pdf,smart-irrigation-system-installation-in-north-south-florida,automated-irrigation
Coping Guide,coping-guide,6a8f67a39235e3662e572304,6a8f67a39235e3662e5721ff,6a8f67a39235e3662e572890,false,false,Mon May 04 2026 17:18:27 GMT+0000 (Coordinated Universal Time),Mon May 04 2026 23:40:02 GMT+0000 (Coordinated Universal Time),,https://cdn.prod.website-files.com/6a8f67a39235e3662e5721fe/6a8f67a39235e3662e57270d_69f8d4dff2e3c3fa906a5daf_Coping-Guide.jpeg,Download our Coping Guide brochure,https://cdn.prod.website-files.com/6a8f67a39235e3662e5721fe/6a8f67a39235e3662e57270e_69f8d4e0c06b3b1fc9075c6b_Coping-Guide.pdf,custom-deck-builders-in-north-south-florida,custom-decks
Milestone Flyer,milestone-flyer,6a8f67a39235e3662e572304,6a8f67a39235e3662e5721ff,6a8f67a39235e3662e572891,false,false,Mon May 04 2026 17:18:38 GMT+0000 (Coordinated Universal Time),Mon May 04 2026 23:40:02 GMT+0000 (Coordinated Universal Time),,https://cdn.prod.website-files.com/6a8f67a39235e3662e5721fe/6a8f67a39235e3662e572711_69f8d4ea27ea00cadddcf51a_Milestone-Flyer.jpeg,Download our Milestone Flyer brochure,https://cdn.prod.website-files.com/6a8f67a39235e3662e5721fe/6a8f67a39235e3662e572712_69f8d4ebea200eb22066c9b8_Milestone-Flyer.pdf,custom-deck-builders-in-north-south-florida,custom-decks
Milestone Travertine,milestone-travertine,6a8f67a39235e3662e572304,6a8f67a39235e3662e5721ff,6a8f67a39235e3662e572892,false,false,Mon May 04 2026 17:18:42 GMT+0000 (Coordinated Universal Time),Mon May 04 2026 23:40:02 GMT+0000 (Coordinated Universal Time),,https://cdn.prod.website-files.com/6a8f67a39235e3662e5721fe/6a8f67a39235e3662e572713_69f8d4ef27655a92528a7f6f_Milestone-Travertine.jpeg,Download our Milestone Travertine brochure,https://cdn.prod.website-files.com/6a8f67a39235e3662e5721fe/6a8f67a39235e3662e572714_69f8d4ef89d1c44d1c5e39d7_Milestone-Travertine.pdf,custom-deck-builders-in-north-south-florida,custom-decks
Sealer Guide,sealer-guide,6a8f67a39235e3662e572304,6a8f67a39235e3662e5721ff,6a8f67a39235e3662e572893,false,false,Mon May 04 2026 17:18:51 GMT+0000 (Coordinated Universal Time),Mon May 04 2026 23:40:02 GMT+0000 (Coordinated Universal Time),,https://cdn.prod.website-files.com/6a8f67a39235e3662e5721fe/6a8f67a39235e3662e572715_69f8d4f35d9a881a3e7785ab_Sealer-Guide.jpeg,Download our Sealer Guide brochure,https://cdn.prod.website-files.com/6a8f67a39235e3662e5721fe/6a8f67a39235e3662e572716_69f8d4f47309b55691846c45_Sealer-Guide.pdf,custom-deck-builders-in-north-south-florida,custom-decks
Stonemart Marble Travertine,stonemart-marble-travertine,6a8f67a39235e3662e572304,6a8f67a39235e3662e5721ff,6a8f67a39235e3662e572894,false,false,Mon May 04 2026 17:18:59 GMT+0000 (Coordinated Universal Time),Mon May 04 2026 23:40:02 GMT+0000 (Coordinated Universal Time),,https://cdn.prod.website-files.com/6a8f67a39235e3662e5721fe/6a8f67a39235e3662e572717_69f8d4fc543162fdcc70a95a_StoneMart-Marble-Travertine.jpeg,Download our Stonemart Marble Travertine brochure,https://cdn.prod.website-files.com/6a8f67a39235e3662e5721fe/6a8f67a39235e3662e572718_69f8d4fe27655a92528a8713_StoneMart-Marble-Travertine.pdf,custom-deck-builders-in-north-south-florida,custom-decks
Louvered Roof Brochure,louvered-roof-brochure,6a8f67a39235e3662e572304,6a8f67a39235e3662e5721ff,6a8f67a39235e3662e572895,false,false,Mon May 04 2026 17:19:15 GMT+0000 (Coordinated Universal Time),Mon May 04 2026 23:40:02 GMT+0000 (Coordinated Universal Time),,https://cdn.prod.website-files.com/6a8f67a39235e3662e5721fe/6a8f67a39235e3662e57271d_69f8d50dc6615cb09f098fe2_Louvered-Roof-Brochure.jpeg,Download our Louvered Roof Brochure brochure,https://cdn.prod.website-files.com/6a8f67a39235e3662e5721fe/6a8f67a39235e3662e57271e_69f8d50ebe45d4770b6838ec_Louvered-Roof-Brochure.pdf,motorized-louvered-roof-systems-in-north-south-florida,louvered-roof-systems
Louvered Roof Brochure 2024,louvered-roof-brochure-2024,6a8f67a39235e3662e572304,6a8f67a39235e3662e5721ff,6a8f67a39235e3662e572896,false,false,Mon May 04 2026 17:19:44 GMT+0000 (Coordinated Universal Time),Mon May 04 2026 23:40:02 GMT+0000 (Coordinated Universal Time),,https://cdn.prod.website-files.com/6a8f67a39235e3662e5721fe/6a8f67a39235e3662e57271f_69f8d52a27ea00cadddd0410_Louvered-Roof-Brochure-2024.jpeg,Download our Louvered Roof Brochure 2024 brochure,https://cdn.prod.website-files.com/6a8f67a39235e3662e5721fe/6a8f67a39235e3662e572720_69f8d52bc6615cb09f09a514_Louvered-Roof-Brochure-2024.pdf,motorized-louvered-roof-systems-in-north-south-florida,louvered-roof-systems
Oe Serenity Pergola Flyer,oe-serenity-pergola-flyer,6a8f67a39235e3662e572304,6a8f67a39235e3662e5721ff,6a8f67a39235e3662e572897,false,false,Mon May 04 2026 17:19:49 GMT+0000 (Coordinated Universal Time),Mon May 04 2026 23:40:02 GMT+0000 (Coordinated Universal Time),,https://cdn.prod.website-files.com/6a8f67a39235e3662e5721fe/6a8f67a39235e3662e572721_69f8d531c6615cb09f09aa38_OE-Serenity-Pergola-Flyer.jpeg,Download our Oe Serenity Pergola Flyer brochure,https://cdn.prod.website-files.com/6a8f67a39235e3662e5721fe/6a8f67a39235e3662e572722_69f8d5327cb79599f779ce06_OE-Serenity-Pergola-Flyer.pdf,motorized-louvered-roof-systems-in-north-south-florida,louvered-roof-systems
Shadespan Brochure Usa,shadespan-brochure-usa,6a8f67a39235e3662e572304,6a8f67a39235e3662e5721ff,6a8f67a39235e3662e572898,false,false,Mon May 04 2026 17:19:52 GMT+0000 (Coordinated Universal Time),Mon May 04 2026 23:40:01 GMT+0000 (Coordinated Universal Time),,https://cdn.prod.website-files.com/6a8f67a39235e3662e5721fe/6a8f67a39235e3662e572723_69f8d5361fd80c995ad30692_Shadespan-Brochure-USA.jpeg,Download our Shadespan Brochure Usa brochure,https://cdn.prod.website-files.com/6a8f67a39235e3662e5721fe/6a8f67a39235e3662e572724_69f8d5371fd80c995ad306b0_Shadespan-Brochure-USA.pdf,motorized-louvered-roof-systems-in-north-south-florida,louvered-roof-systems
Shadespan Look Book,shadespan-look-book,6a8f67a39235e3662e572304,6a8f67a39235e3662e5721ff,6a8f67a39235e3662e572899,false,false,Mon May 04 2026 17:19:56 GMT+0000 (Coordinated Universal Time),Mon May 04 2026 23:40:02 GMT+0000 (Coordinated Universal Time),,https://cdn.prod.website-files.com/6a8f67a39235e3662e5721fe/6a8f67a39235e3662e572725_69f8d53989d1c44d1c5e6998_Shadespan-Look-Book.jpeg,Download our Shadespan Look Book brochure,https://cdn.prod.website-files.com/6a8f67a39235e3662e5721fe/6a8f67a39235e3662e572726_69f8d53a543162fdcc70c47d_Shadespan-Look-Book.pdf,motorized-louvered-roof-systems-in-north-south-florida,louvered-roof-systems
Alfresco Brochure,alfresco-brochure,6a8f67a39235e3662e572304,6a8f67a39235e3662e5721ff,6a8f67a39235e3662e57289a,false,false,Mon May 04 2026 17:20:03 GMT+0000 (Coordinated Universal Time),Mon May 04 2026 23:40:02 GMT+0000 (Coordinated Universal Time),,https://cdn.prod.website-files.com/6a8f67a39235e3662e5721fe/6a8f67a39235e3662e572727_69f8d53dbe45d4770b6850ce_Alfresco-Brochure.jpeg,Download our Alfresco Brochure brochure,https://cdn.prod.website-files.com/6a8f67a39235e3662e5721fe/6a8f67a39235e3662e572728_69f8d53de9ee1fcd94c0fa6d_Alfresco-Brochure.pdf,custom-outdoor-kitchens-for-north-south-florida-homes,outdoor-kitchens
Big Green Egg Catalogue,big-green-egg-catalogue,6a8f67a39235e3662e572304,6a8f67a39235e3662e5721ff,6a8f67a39235e3662e57289b,false,false,Mon May 04 2026 17:20:11 GMT+0000 (Coordinated Universal Time),Mon May 04 2026 23:40:02 GMT+0000 (Coordinated Universal Time),,https://cdn.prod.website-files.com/6a8f67a39235e3662e5721fe/6a8f67a39235e3662e57272b_69f8d54753cb3d44257b0bdf_Big-Green-Egg-Catalogue.jpeg,Download our Big Green Egg Catalogue brochure,https://cdn.prod.website-files.com/6a8f67a39235e3662e5721fe/6a8f67a39235e3662e57272c_69f8d54808d725bda294ef17_Big-Green-Egg-Catalogue.pdf,custom-outdoor-kitchens-for-north-south-florida-homes,outdoor-kitchens
Challenger 7700 Accessories,challenger-7700-accessories,6a8f67a39235e3662e572304,6a8f67a39235e3662e5721ff,6a8f67a39235e3662e57289c,false,false,Mon May 04 2026 17:20:14 GMT+0000 (Coordinated Universal Time),Mon May 04 2026 23:40:02 GMT+0000 (Coordinated Universal Time),,https://cdn.prod.website-files.com/6a8f67a39235e3662e5721fe/6a8f67a39235e3662e57272d_69f8d54bfbca95b2a6104afd_Challenger-7700-Accessories.jpeg,Download our Challenger 7700 Accessories brochure,https://cdn.prod.website-files.com/6a8f67a39235e3662e5721fe/6a8f67a39235e3662e57272e_69f8d54c89d1c44d1c5e75b9_Challenger-7700-Accessories.pdf,custom-outdoor-kitchens-for-north-south-florida-homes,outdoor-kitchens
Challenger Big Green Egg Brochure,challenger-big-green-egg-brochure,6a8f67a39235e3662e572304,6a8f67a39235e3662e5721ff,6a8f67a39235e3662e57289d,false,false,Mon May 04 2026 17:20:18 GMT+0000 (Coordinated Universal Time),Mon May 04 2026 23:40:02 GMT+0000 (Coordinated Universal Time),,https://cdn.prod.website-files.com/6a8f67a39235e3662e5721fe/6a8f67a39235e3662e572730_69f8d54fcd8102a84dcd4c23_Challenger-Big-Green-Egg-Brochure.jpeg,Download our Challenger Big Green Egg Brochure brochure,https://cdn.prod.website-files.com/6a8f67a39235e3662e5721fe/6a8f67a39235e3662e57272f_69f8d550be45d4770b685acb_Challenger-Big-Green-Egg-Brochure.pdf,custom-outdoor-kitchens-for-north-south-florida-homes,outdoor-kitchens
Challenger Kitchen Brochure,challenger-kitchen-brochure,6a8f67a39235e3662e572304,6a8f67a39235e3662e5721ff,6a8f67a39235e3662e57289e,false,false,Mon May 04 2026 17:20:21 GMT+0000 (Coordinated Universal Time),Mon May 04 2026 23:40:02 GMT+0000 (Coordinated Universal Time),,https://cdn.prod.website-files.com/6a8f67a39235e3662e5721fe/6a8f67a39235e3662e572731_69f8d552febe8c4a546b29fd_Challenger-Kitchen-Brochure.jpeg,Download our Challenger Kitchen Brochure brochure,https://cdn.prod.website-files.com/6a8f67a39235e3662e5721fe/6a8f67a39235e3662e572732_69f8d553f537edf6b5f34e37_Challenger-Kitchen-Brochure.pdf,custom-outdoor-kitchens-for-north-south-florida-homes,outdoor-kitchens
Napoleon Grills Brochure,napoleon-grills-brochure,6a8f67a39235e3662e572304,6a8f67a39235e3662e5721ff,6a8f67a39235e3662e57289f,false,false,Mon May 04 2026 17:20:32 GMT+0000 (Coordinated Universal Time),Mon May 04 2026 23:40:02 GMT+0000 (Coordinated Universal Time),,https://cdn.prod.website-files.com/6a8f67a39235e3662e5721fe/6a8f67a39235e3662e572735_69f8d55c5d9a881a3e77cadd_Napoleon-Grills-Brochure.jpeg,Download our Napoleon Grills Brochure brochure,https://cdn.prod.website-files.com/6a8f67a39235e3662e5721fe/6a8f67a39235e3662e572736_69f8d55d2fcb7aa45910d62b_Napoleon-Grills-Brochure.pdf,custom-outdoor-kitchens-for-north-south-florida-homes,outdoor-kitchens
Hercules Comparison,hercules-comparison,6a8f67a39235e3662e572304,6a8f67a39235e3662e5721ff,6a8f67a39235e3662e5728a0,false,false,Mon May 04 2026 17:20:35 GMT+0000 (Coordinated Universal Time),Mon May 04 2026 23:40:02 GMT+0000 (Coordinated Universal Time),,https://cdn.prod.website-files.com/6a8f67a39235e3662e5721fe/6a8f67a39235e3662e572737_69f8d5612fcb7aa45910d86c_Hercules-Comparison.jpeg,Download our Hercules Comparison brochure,https://cdn.prod.website-files.com/6a8f67a39235e3662e5721fe/6a8f67a39235e3662e572738_69f8d56127ea00cadddd0c56_Hercules-Comparison.pdf,custom-aluminum-pergola-builders-in-north-south-florida,aluminum-pergolas
Pergola Lights,pergola-lights,6a8f67a39235e3662e572304,6a8f67a39235e3662e5721ff,6a8f67a39235e3662e5728a1,false,false,Mon May 04 2026 17:20:38 GMT+0000 (Coordinated Universal Time),Mon May 04 2026 23:40:02 GMT+0000 (Coordinated Universal Time),,https://cdn.prod.website-files.com/6a8f67a39235e3662e5721fe/6a8f67a39235e3662e57273a_69f8d564d72245381fe3f58b_Pergola-Lights.jpeg,Download our Pergola Lights brochure,https://cdn.prod.website-files.com/6a8f67a39235e3662e5721fe/6a8f67a39235e3662e572739_69f8d564f74a9c56ef72084a_Pergola-Lights.pdf,custom-aluminum-pergola-builders-in-north-south-florida,aluminum-pergolas
Renaissance Flyer,renaissance-flyer,6a8f67a39235e3662e572304,6a8f67a39235e3662e5721ff,6a8f67a39235e3662e5728a2,false,false,Mon May 04 2026 17:20:41 GMT+0000 (Coordinated Universal Time),Mon May 04 2026 23:40:01 GMT+0000 (Coordinated Universal Time),,https://cdn.prod.website-files.com/6a8f67a39235e3662e5721fe/6a8f67a39235e3662e57273c_69f8d5672fcb7aa45910dac4_Renaissance-Flyer.jpeg,Download our Renaissance Flyer brochure,https://cdn.prod.website-files.com/6a8f67a39235e3662e5721fe/6a8f67a39235e3662e57273b_69f8d5678a8629bc810af1e4_Renaissance-Flyer.pdf,custom-aluminum-pergola-builders-in-north-south-florida,aluminum-pergolas
Renaissance Pitchbook,renaissance-pitchbook,6a8f67a39235e3662e572304,6a8f67a39235e3662e5721ff,6a8f67a39235e3662e5728a3,false,false,Mon May 04 2026 17:20:45 GMT+0000 (Coordinated Universal Time),Mon May 04 2026 23:40:03 GMT+0000 (Coordinated Universal Time),,https://cdn.prod.website-files.com/6a8f67a39235e3662e5721fe/6a8f67a39235e3662e57273d_69f8d569fc54ab4be1f401a6_Renaissance-Pitchbook.jpeg,Download our Renaissance Pitchbook brochure,https://cdn.prod.website-files.com/6a8f67a39235e3662e5721fe/6a8f67a39235e3662e57273e_69f8d56aacff3d6f54c82012_Renaissance-Pitchbook.pdf,custom-aluminum-pergola-builders-in-north-south-florida,aluminum-pergolas
Roof Systems Brochure 2025,roof-systems-brochure-2025,6a8f67a39235e3662e572304,6a8f67a39235e3662e5721ff,6a8f67a39235e3662e5728a4,false,false,Mon May 04 2026 17:20:49 GMT+0000 (Coordinated Universal Time),Mon May 04 2026 23:40:02 GMT+0000 (Coordinated Universal Time),,https://cdn.prod.website-files.com/6a8f67a39235e3662e5721fe/6a8f67a39235e3662e57273f_69f8d56e3bc8cfd044da51e6_Roof-Systems-Brochure-2025.jpeg,Download our Roof Systems Brochure 2025 brochure,https://cdn.prod.website-files.com/6a8f67a39235e3662e5721fe/6a8f67a39235e3662e572740_69f8d56f975e4857ee50398a_Roof-Systems-Brochure-2025.pdf,custom-aluminum-pergola-builders-in-north-south-florida,aluminum-pergolas
Aqualink All In One,aqualink-all-in-one,6a8f67a39235e3662e572304,6a8f67a39235e3662e5721ff,6a8f67a39235e3662e5728a5,false,false,Mon May 04 2026 17:20:52 GMT+0000 (Coordinated Universal Time),Mon May 04 2026 23:40:02 GMT+0000 (Coordinated Universal Time),,https://cdn.prod.website-files.com/6a8f67a39235e3662e5721fe/6a8f67a39235e3662e572742_69f8d572c6615cb09f09cdaf_Aqualink-All-In-One.jpeg,Download our Aqualink All In One brochure,https://cdn.prod.website-files.com/6a8f67a39235e3662e5721fe/6a8f67a39235e3662e572741_69f8d573cd8102a84dcd5a5c_Aqualink-All-In-One.pdf,custom-pool-spa-builders-in-north-south-florida,pool-construction-and-remodeling
Bond Kote Flyer,bond-kote-flyer,6a8f67a39235e3662e572304,6a8f67a39235e3662e5721ff,6a8f67a39235e3662e5728a6,false,false,Mon May 04 2026 17:20:56 GMT+0000 (Coordinated Universal Time),Mon May 04 2026 23:40:02 GMT+0000 (Coordinated Universal Time),,https://cdn.prod.website-files.com/6a8f67a39235e3662e5721fe/6a8f67a39235e3662e572743_69f8d5758a8629bc810afefa_Bond-Kote-Flyer.jpeg,Download our Bond Kote Flyer brochure,https://cdn.prod.website-files.com/6a8f67a39235e3662e5721fe/6a8f67a39235e3662e572744_69f8d576499fb674872bf502_Bond-Kote-Flyer.pdf,custom-pool-spa-builders-in-north-south-florida,pool-construction-and-remodeling
Chiller Heater,chiller-heater,6a8f67a39235e3662e572304,6a8f67a39235e3662e5721ff,6a8f67a39235e3662e5728a7,false,false,Mon May 04 2026 17:20:59 GMT+0000 (Coordinated Universal Time),Mon May 04 2026 23:40:02 GMT+0000 (Coordinated Universal Time),,https://cdn.prod.website-files.com/6a8f67a39235e3662e5721fe/6a8f67a39235e3662e572745_69f8d5791fd80c995ad31266_Chiller-Heater.jpeg,Download our Chiller Heater brochure,https://cdn.prod.website-files.com/6a8f67a39235e3662e5721fe/6a8f67a39235e3662e572746_69f8d57a3964b14413649bd8_Chiller-Heater.pdf,custom-pool-spa-builders-in-north-south-florida,pool-construction-and-remodeling
Diamond Brite Brochure,diamond-brite-brochure,6a8f67a39235e3662e572304,6a8f67a39235e3662e5721ff,6a8f67a39235e3662e5728a8,false,false,Mon May 04 2026 17:21:06 GMT+0000 (Coordinated Universal Time),Mon May 04 2026 23:40:02 GMT+0000 (Coordinated Universal Time),,https://cdn.prod.website-files.com/6a8f67a39235e3662e5721fe/6a8f67a39235e3662e572748_69f8d57f89d1c44d1c5e8a64_Diamond-Brite-Brochure.jpeg,Download our Diamond Brite Brochure brochure,https://cdn.prod.website-files.com/6a8f67a39235e3662e5721fe/6a8f67a39235e3662e572747_69f8d580e9ee1fcd94c1213b_Diamond-Brite-Brochure.pdf,custom-pool-spa-builders-in-north-south-florida,pool-construction-and-remodeling
Diamond Brite Color Card,diamond-brite-color-card,6a8f67a39235e3662e572304,6a8f67a39235e3662e5721ff,6a8f67a39235e3662e5728a9,false,false,Mon May 04 2026 17:21:09 GMT+0000 (Coordinated Universal Time),Mon May 04 2026 23:40:02 GMT+0000 (Coordinated Universal Time),,https://cdn.prod.website-files.com/6a8f67a39235e3662e5721fe/6a8f67a39235e3662e57274a_69f8d5834a1a615d3982f92e_Diamond-Brite-Color-Card.jpeg,Download our Diamond Brite Color Card brochure,https://cdn.prod.website-files.com/6a8f67a39235e3662e5721fe/6a8f67a39235e3662e572749_69f8d583543162fdcc70dd3d_Diamond-Brite-Color-Card.pdf,custom-pool-spa-builders-in-north-south-florida,pool-construction-and-remodeling
Diamond Plaster Brochure,diamond-plaster-brochure,6a8f67a39235e3662e572304,6a8f67a39235e3662e5721ff,6a8f67a39235e3662e5728aa,false,false,Mon May 04 2026 17:21:12 GMT+0000 (Coordinated Universal Time),Mon May 04 2026 23:40:02 GMT+0000 (Coordinated Universal Time),,https://cdn.prod.website-files.com/6a8f67a39235e3662e5721fe/6a8f67a39235e3662e57274b_69f8d586febe8c4a546b3852_Diamond-Plaster-Brochure.jpeg,Download our Diamond Plaster Brochure brochure,https://cdn.prod.website-files.com/6a8f67a39235e3662e5721fe/6a8f67a39235e3662e57274c_69f8d586543162fdcc70dea0_Diamond-Plaster-Brochure.pdf,custom-pool-spa-builders-in-north-south-florida,pool-construction-and-remodeling
Filter 340,filter-340,6a8f67a39235e3662e572304,6a8f67a39235e3662e5721ff,6a8f67a39235e3662e5728ab,false,false,Mon May 04 2026 17:21:16 GMT+0000 (Coordinated Universal Time),Mon May 04 2026 23:40:02 GMT+0000 (Coordinated Universal Time),,https://cdn.prod.website-files.com/6a8f67a39235e3662e5721fe/6a8f67a39235e3662e57274d_69f8d58938d4c43971ac9d8b_Filter-340.jpeg,Download our Filter 340 brochure,https://cdn.prod.website-files.com/6a8f67a39235e3662e5721fe/6a8f67a39235e3662e57274e_69f8d58a30588b4b289618a8_Filter-340.pdf,custom-pool-spa-builders-in-north-south-florida,pool-construction-and-remodeling
Jandy Laminar Jet Rgbw,jandy-laminar-jet-rgbw,6a8f67a39235e3662e572304,6a8f67a39235e3662e5721ff,6a8f67a39235e3662e5728ac,false,false,Mon May 04 2026 17:21:25 GMT+0000 (Coordinated Universal Time),Mon May 04 2026 23:40:01 GMT+0000 (Coordinated Universal Time),,https://cdn.prod.website-files.com/6a8f67a39235e3662e5721fe/6a8f67a39235e3662e572750_69f8d592f3805e17f3bc1b5b_Jandy-Laminar-Jet-RGBW.jpeg,Download our Jandy Laminar Jet Rgbw brochure,https://cdn.prod.website-files.com/6a8f67a39235e3662e5721fe/6a8f67a39235e3662e572751_69f8d593ea200eb22066f292_Jandy-Laminar-Jet-RGBW.pdf,custom-pool-spa-builders-in-north-south-florida,pool-construction-and-remodeling
Jandy Nicheless Led Light,jandy-nicheless-led-light,6a8f67a39235e3662e572304,6a8f67a39235e3662e5721ff,6a8f67a39235e3662e5728ad,false,false,Mon May 04 2026 17:21:29 GMT+0000 (Coordinated Universal Time),Mon May 04 2026 23:40:02 GMT+0000 (Coordinated Universal Time),,https://cdn.prod.website-files.com/6a8f67a39235e3662e5721fe/6a8f67a39235e3662e572752_69f8d5967cb79599f779fcca_Jandy-Nicheless-LED-Light.jpeg,Download our Jandy Nicheless Led Light brochure,https://cdn.prod.website-files.com/6a8f67a39235e3662e5721fe/6a8f67a39235e3662e572753_69f8d597f74a9c56ef721ff1_Jandy-Nicheless-LED-Light.pdf,custom-pool-spa-builders-in-north-south-florida,pool-construction-and-remodeling
Jandy Pump,jandy-pump,6a8f67a39235e3662e572304,6a8f67a39235e3662e5721ff,6a8f67a39235e3662e5728ae,false,false,Mon May 04 2026 17:21:32 GMT+0000 (Coordinated Universal Time),Mon May 04 2026 23:40:02 GMT+0000 (Coordinated Universal Time),,https://cdn.prod.website-files.com/6a8f67a39235e3662e5721fe/6a8f67a39235e3662e572754_69f8d59acd8102a84dcd6f7a_Jandy-Pump.jpeg,Download our Jandy Pump brochure,https://cdn.prod.website-files.com/6a8f67a39235e3662e5721fe/6a8f67a39235e3662e572755_69f8d59acd8102a84dcd6fcb_Jandy-Pump.pdf,custom-pool-spa-builders-in-north-south-florida,pool-construction-and-remodeling
Milestone Flyer,milestone-flyer-d56b4,6a8f67a39235e3662e572304,6a8f67a39235e3662e5721ff,6a8f67a39235e3662e5728af,false,false,Mon May 04 2026 17:21:37 GMT+0000 (Coordinated Universal Time),Mon May 04 2026 23:40:02 GMT+0000 (Coordinated Universal Time),,https://cdn.prod.website-files.com/6a8f67a39235e3662e5721fe/6a8f67a39235e3662e572711_69f8d4ea27ea00cadddcf51a_Milestone-Flyer.jpeg,Download our Milestone Flyer brochure,https://cdn.prod.website-files.com/6a8f67a39235e3662e5721fe/6a8f67a39235e3662e572756_69f8d59e7309b5569184a7de_Milestone-Flyer.pdf,custom-pool-spa-builders-in-north-south-florida,pool-construction-and-remodeling
Npt Tile Collection,npt-tile-collection,6a8f67a39235e3662e572304,6a8f67a39235e3662e5721ff,6a8f67a39235e3662e5728b0,false,false,Mon May 04 2026 17:21:43 GMT+0000 (Coordinated Universal Time),Mon May 04 2026 23:40:02 GMT+0000 (Coordinated Universal Time),,https://cdn.prod.website-files.com/6a8f67a39235e3662e5721fe/6a8f67a39235e3662e572757_69f8d5a344e0c6bb0e33b706_NPT-Tile-Collection.jpeg,Download our Npt Tile Collection brochure,https://cdn.prod.website-files.com/6a8f67a39235e3662e5721fe/6a8f67a39235e3662e572758_69f8d5a430588b4b289621e1_NPT-Tile-Collection.pdf,custom-pool-spa-builders-in-north-south-florida,pool-construction-and-remodeling
Ntp Plaster Brochure,ntp-plaster-brochure,6a8f67a39235e3662e572304,6a8f67a39235e3662e5721ff,6a8f67a39235e3662e5728b1,false,false,Mon May 04 2026 17:21:49 GMT+0000 (Coordinated Universal Time),Mon May 04 2026 23:40:02 GMT+0000 (Coordinated Universal Time),,https://cdn.prod.website-files.com/6a8f67a39235e3662e5721fe/6a8f67a39235e3662e572759_69f8d5a8f2b2580a5866cc5e_NTP-Plaster-Brochure.jpeg,Download our Ntp Plaster Brochure brochure,https://cdn.prod.website-files.com/6a8f67a39235e3662e5721fe/6a8f67a39235e3662e57275a_69f8d5a95d9a881a3e77ef17_NTP-Plaster-Brochure.pdf,custom-pool-spa-builders-in-north-south-florida,pool-construction-and-remodeling
Pool Coping,pool-coping,6a8f67a39235e3662e572304,6a8f67a39235e3662e5721ff,6a8f67a39235e3662e5728b2,false,false,Mon May 04 2026 17:21:52 GMT+0000 (Coordinated Universal Time),Mon May 04 2026 23:40:02 GMT+0000 (Coordinated Universal Time),,https://cdn.prod.website-files.com/6a8f67a39235e3662e5721fe/6a8f67a39235e3662e57270d_69f8d4dff2e3c3fa906a5daf_Coping-Guide.jpeg,Download our Pool Coping brochure,https://cdn.prod.website-files.com/6a8f67a39235e3662e5721fe/6a8f67a39235e3662e57270e_69f8d4e0c06b3b1fc9075c6b_Coping-Guide.pdf,custom-pool-spa-builders-in-north-south-florida,pool-construction-and-remodeling
Sgm Pool Catalog 2026,sgm-pool-catalog-2026,6a8f67a39235e3662e572304,6a8f67a39235e3662e5721ff,6a8f67a39235e3662e5728b3,false,false,Mon May 04 2026 17:21:58 GMT+0000 (Coordinated Universal Time),Mon May 04 2026 23:40:02 GMT+0000 (Coordinated Universal Time),,https://cdn.prod.website-files.com/6a8f67a39235e3662e5721fe/6a8f67a39235e3662e57275b_69f8d5b1eb398a09900b3439_SGM-Pool-Catalog-2026.jpeg,Download our Sgm Pool Catalog 2026 brochure,https://cdn.prod.website-files.com/6a8f67a39235e3662e5721fe/6a8f67a39235e3662e57275c_69f8d5b2607c233ad51cbece_SGM-Pool-Catalog-2026.pdf,custom-pool-spa-builders-in-north-south-florida,pool-construction-and-remodeling
Sgm Warranty Card,sgm-warranty-card,6a8f67a39235e3662e572304,6a8f67a39235e3662e5721ff,6a8f67a39235e3662e5728b4,false,false,Mon May 04 2026 17:22:00 GMT+0000 (Coordinated Universal Time),Mon May 04 2026 23:40:02 GMT+0000 (Coordinated Universal Time),,https://cdn.prod.website-files.com/6a8f67a39235e3662e5721fe/6a8f67a39235e3662e57275d_69f8d5b68908ed109c5d12f4_SGM-Warranty-Card.jpeg,Download our Sgm Warranty Card brochure,https://cdn.prod.website-files.com/6a8f67a39235e3662e5721fe/6a8f67a39235e3662e57275e_69f8d5b7499fb674872c0615_SGM-Warranty-Card.pdf,custom-pool-spa-builders-in-north-south-florida,pool-construction-and-remodeling
Sealer Guide,sealer-guide-88aff,6a8f67a39235e3662e572304,6a8f67a39235e3662e5721ff,6a8f67a39235e3662e5728b5,false,false,Mon May 04 2026 17:22:06 GMT+0000 (Coordinated Universal Time),Mon May 04 2026 23:40:02 GMT+0000 (Coordinated Universal Time),,https://cdn.prod.website-files.com/6a8f67a39235e3662e5721fe/6a8f67a39235e3662e572715_69f8d4f35d9a881a3e7785ab_Sealer-Guide.jpeg,Download our Sealer Guide brochure,https://cdn.prod.website-files.com/6a8f67a39235e3662e5721fe/6a8f67a39235e3662e572716_69f8d4f47309b55691846c45_Sealer-Guide.pdf,custom-pool-spa-builders-in-north-south-florida,pool-construction-and-remodeling
Stonemart Marble Travertine,stonemart-marble-travertine-b0c58,6a8f67a39235e3662e572304,6a8f67a39235e3662e5721ff,6a8f67a39235e3662e5728b6,false,false,Mon May 04 2026 17:22:13 GMT+0000 (Coordinated Universal Time),Mon May 04 2026 23:40:01 GMT+0000 (Coordinated Universal Time),,https://cdn.prod.website-files.com/6a8f67a39235e3662e5721fe/6a8f67a39235e3662e572717_69f8d4fc543162fdcc70a95a_StoneMart-Marble-Travertine.jpeg,Download our Stonemart Marble Travertine brochure,https://cdn.prod.website-files.com/6a8f67a39235e3662e5721fe/6a8f67a39235e3662e572718_69f8d4fe27655a92528a8713_StoneMart-Marble-Travertine.pdf,custom-pool-spa-builders-in-north-south-florida,pool-construction-and-remodeling
Tremron North Hardscape,tremron-north-hardscape,6a8f67a39235e3662e572304,6a8f67a39235e3662e5721ff,6a8f67a39235e3662e5728b7,false,false,Mon May 04 2026 17:22:18 GMT+0000 (Coordinated Universal Time),Mon May 04 2026 23:40:02 GMT+0000 (Coordinated Universal Time),,https://cdn.prod.website-files.com/6a8f67a39235e3662e5721fe/6a8f67a39235e3662e57275f_69f8d5c58e12b3c3969f9faa_Tremron-North-Hardscape.jpeg,Download our Tremron North Hardscape brochure,https://cdn.prod.website-files.com/6a8f67a39235e3662e5721fe/6a8f67a39235e3662e572760_69f8d5c68908ed109c5d1758_Tremron-North-Hardscape.pdf,custom-pool-spa-builders-in-north-south-florida,pool-construction-and-remodeling
Maestroshield Catalog 2025,maestroshield-catalog-2025,6a8f67a39235e3662e572304,6a8f67a39235e3662e5721ff,6a8f67a39235e3662e5728b8,false,false,Mon May 04 2026 17:22:23 GMT+0000 (Coordinated Universal Time),Mon May 04 2026 23:40:02 GMT+0000 (Coordinated Universal Time),,https://cdn.prod.website-files.com/6a8f67a39235e3662e5721fe/6a8f67a39235e3662e572761_69f8d5cbf2b2580a5866d9e3_Maestroshield-Catalog-2025.jpeg,Download our Maestroshield Catalog 2025 brochure,https://cdn.prod.website-files.com/6a8f67a39235e3662e5721fe/6a8f67a39235e3662e572762_69f8d5cc5d9a881a3e78001b_Maestroshield-Catalog-2025.pdf,motorized-retractable-screens-in-north-south-florida,retractable-screens
Pergola Screens Brochure,pergola-screens-brochure,6a8f67a39235e3662e572304,6a8f67a39235e3662e5721ff,6a8f67a39235e3662e5728b9,false,false,Mon May 04 2026 17:22:29 GMT+0000 (Coordinated Universal Time),Mon May 04 2026 23:40:02 GMT+0000 (Coordinated Universal Time),,https://cdn.prod.website-files.com/6a8f67a39235e3662e5721fe/6a8f67a39235e3662e572763_69f8d5d08a8629bc810b2d45_Pergola-Screens-Brochure.jpeg,Download our Pergola Screens Brochure brochure,https://cdn.prod.website-files.com/6a8f67a39235e3662e5721fe/6a8f67a39235e3662e572764_69f8d5d138d4c43971acba35_Pergola-Screens-Brochure.pdf,motorized-retractable-screens-in-north-south-florida,retractable-screens
Product Folder,product-folder,6a8f67a39235e3662e572304,6a8f67a39235e3662e5721ff,6a8f67a39235e3662e5728ba,false,false,Mon May 04 2026 17:22:34 GMT+0000 (Coordinated Universal Time),Mon May 04 2026 23:40:02 GMT+0000 (Coordinated Universal Time),,https://cdn.prod.website-files.com/6a8f67a39235e3662e5721fe/6a8f67a39235e3662e572765_69f8d5d6e9ee1fcd94c1491e_Product-Folder.jpeg,Download our Product Folder brochure,https://cdn.prod.website-files.com/6a8f67a39235e3662e5721fe/6a8f67a39235e3662e572766_69f8d5d7543162fdcc70f487_Product-Folder.pdf,motorized-retractable-screens-in-north-south-florida,retractable-screens
Retractable Screens Brochure,retractable-screens-brochure,6a8f67a39235e3662e572304,6a8f67a39235e3662e5721ff,6a8f67a39235e3662e5728bb,false,false,Mon May 04 2026 17:22:39 GMT+0000 (Coordinated Universal Time),Mon May 04 2026 23:40:02 GMT+0000 (Coordinated Universal Time),,https://cdn.prod.website-files.com/6a8f67a39235e3662e5721fe/6a8f67a39235e3662e572767_69f8d5dbc22d0d7ceb5fe6e0_Retractable-Screens-Brochure.jpeg,Download our Retractable Screens Brochure brochure,https://cdn.prod.website-files.com/6a8f67a39235e3662e5721fe/6a8f67a39235e3662e572768_69f8d5dc27ea00cadddd1c34_Retractable-Screens-Brochure.pdf,motorized-retractable-screens-in-north-south-florida,retractable-screens
Megaview Enclosures Brochure,megaview-enclosures-brochure,6a8f67a39235e3662e572304,6a8f67a39235e3662e5721ff,6a8f67a39235e3662e5728bc,false,false,Mon May 04 2026 17:22:42 GMT+0000 (Coordinated Universal Time),Mon May 04 2026 23:40:02 GMT+0000 (Coordinated Universal Time),,https://cdn.prod.website-files.com/6a8f67a39235e3662e5721fe/6a8f67a39235e3662e572769_69f8d5e0cd8102a84dcd9888_MegaView-Enclosures-Brochure.jpeg,Download our Megaview Enclosures Brochure brochure,https://cdn.prod.website-files.com/6a8f67a39235e3662e5721fe/6a8f67a39235e3662e57276a_69f8d5e1eb398a09900b4337_MegaView-Enclosures-Brochure.pdf,patio-screen-rooms-enclosures-in-north-south-florida,pool-screen-enclosures
Screen Enclosures Flyer,screen-enclosures-flyer,6a8f67a39235e3662e572304,6a8f67a39235e3662e5721ff,6a8f67a39235e3662e5728bd,false,false,Mon May 04 2026 17:22:46 GMT+0000 (Coordinated Universal Time),Mon May 04 2026 23:40:02 GMT+0000 (Coordinated Universal Time),,https://cdn.prod.website-files.com/6a8f67a39235e3662e5721fe/6a8f67a39235e3662e57276b_69f8d5e3cd8102a84dcd9c71_Screen-Enclosures-Flyer.jpeg,Download our Screen Enclosures Flyer brochure,https://cdn.prod.website-files.com/6a8f67a39235e3662e5721fe/6a8f67a39235e3662e57276c_69f8d5e48908ed109c5d1df5_Screen-Enclosures-Flyer.pdf,patio-screen-rooms-enclosures-in-north-south-florida,pool-screen-enclosures
Screen Frame Spline Guide,screen-frame-spline-guide,6a8f67a39235e3662e572304,6a8f67a39235e3662e5721ff,6a8f67a39235e3662e5728be,false,false,Mon May 04 2026 17:22:48 GMT+0000 (Coordinated Universal Time),Mon May 04 2026 23:40:02 GMT+0000 (Coordinated Universal Time),,https://cdn.prod.website-files.com/6a8f67a39235e3662e5721fe/6a8f67a39235e3662e57276e_69f8d5e7cd8102a84dcd9ece_Screen-Frame-Spline-Guide.jpeg,Download our Screen Frame Spline Guide brochure,https://cdn.prod.website-files.com/6a8f67a39235e3662e5721fe/6a8f67a39235e3662e57276d_69f8d5e7eb398a09900b4475_Screen-Frame-Spline-Guide.pdf,patio-screen-rooms-enclosures-in-north-south-florida,pool-screen-enclosures
Screened Pool Enclosures Flyer,screened-pool-enclosures-flyer,6a8f67a39235e3662e572304,6a8f67a39235e3662e5721ff,6a8f67a39235e3662e5728bf,false,false,Mon May 04 2026 17:22:51 GMT+0000 (Coordinated Universal Time),Mon May 04 2026 23:40:02 GMT+0000 (Coordinated Universal Time),,https://cdn.prod.website-files.com/6a8f67a39235e3662e5721fe/6a8f67a39235e3662e572770_69f8d5e9607c233ad51ccc64_Screened-Pool-Enclosures-Flyer.jpeg,Download our Screened Pool Enclosures Flyer brochure,https://cdn.prod.website-files.com/6a8f67a39235e3662e5721fe/6a8f67a39235e3662e57276f_69f8d5eafc54ab4be1f42640_Screened-Pool-Enclosures-Flyer.pdf,patio-screen-rooms-enclosures-in-north-south-florida,pool-screen-enclosures
Equinox Brochure,equinox-brochure,6a8f67a39235e3662e572304,6a8f67a39235e3662e5721ff,6a8f67a39235e3662e5728c0,false,false,Mon May 04 2026 22:43:01 GMT+0000 (Coordinated Universal Time),Mon May 04 2026 23:40:01 GMT+0000 (Coordinated Universal Time),,https://cdn.prod.website-files.com/6a8f67a39235e3662e5721fe/6a8f67a39235e3662e57271b_69f8d508543162fdcc70afc4_Equinox-Brochure.jpeg,Download our Equinox Brochure brochure,https://cdn.prod.website-files.com/6a8f67a39235e3662e5721fe/6a8f67a39235e3662e57271c_69f8d5097cb79599f779c208_Equinox-Brochure.pdf,motorized-louvered-roof-systems-in-north-south-florida,louvered-roof-systems
Tremron South Catalog,tremron-south-catalog,6a8f67a39235e3662e572304,6a8f67a39235e3662e5721ff,6a8f67a39235e3662e5728c1,false,false,Mon May 04 2026 22:43:03 GMT+0000 (Coordinated Universal Time),Mon May 04 2026 23:40:02 GMT+0000 (Coordinated Universal Time),,https://cdn.prod.website-files.com/6a8f67a39235e3662e5721fe/6a8f67a39235e3662e572719_69f8d5045d9a881a3e778cbd_Tremron-South-Catalog.jpeg,Download our Tremron South Catalog brochure,https://cdn.prod.website-files.com/6a8f67a39235e3662e5721fe/6a8f67a39235e3662e57271a_69f8d504c6615cb09f098a95_Tremron-South-Catalog.pdf,custom-deck-builders-in-north-south-florida,custom-decks
Hurok Hardscapes Catalog,hurok-hardscapes-catalog,6a8f67a39235e3662e572304,6a8f67a39235e3662e5721ff,6a8f67a39235e3662e5728c2,false,false,Mon May 04 2026 22:43:05 GMT+0000 (Coordinated Universal Time),Mon May 04 2026 23:40:02 GMT+0000 (Coordinated Universal Time),,https://cdn.prod.website-files.com/6a8f67a39235e3662e5721fe/6a8f67a39235e3662e57270f_69f8d4e43bc8cfd044da42e8_Hurok-Hardscapes-Catalog.jpeg,Download our Hurok Hardscapes Catalog brochure,https://cdn.prod.website-files.com/6a8f67a39235e3662e5721fe/6a8f67a39235e3662e572710_69f8d4e5be45d4770b682911_Hurok-Hardscapes-Catalog.pdf,custom-deck-builders-in-north-south-florida,custom-decks
Classic Modern Catalog,classic-modern-catalog,6a8f67a39235e3662e572304,6a8f67a39235e3662e5721ff,6a8f67a39235e3662e5728c3,false,false,Mon May 04 2026 22:43:08 GMT+0000 (Coordinated Universal Time),Mon May 04 2026 23:40:02 GMT+0000 (Coordinated Universal Time),,https://cdn.prod.website-files.com/6a8f67a39235e3662e5721fe/6a8f67a39235e3662e57270b_69f8d4db5a391bd8f90385d7_Classic-Modern-Catalog.jpeg,Download our Classic Modern Catalog brochure,https://cdn.prod.website-files.com/6a8f67a39235e3662e5721fe/6a8f67a39235e3662e57270c_69f8d4dc06129df1c2d51bf9_Classic-Modern-Catalog.pdf,custom-deck-builders-in-north-south-florida,custom-decks
Coyote Brochure,coyote-brochure,6a8f67a39235e3662e572304,6a8f67a39235e3662e5721ff,6a8f67a39235e3662e5728c4,false,false,Mon May 04 2026 22:43:10 GMT+0000 (Coordinated Universal Time),Mon May 04 2026 23:40:02 GMT+0000 (Coordinated Universal Time),,https://cdn.prod.website-files.com/6a8f67a39235e3662e5721fe/6a8f67a39235e3662e572733_69f8d556c6615cb09f09bd9f_Coyote-Brochure.jpeg,Download our Coyote Brochure brochure,https://cdn.prod.website-files.com/6a8f67a39235e3662e5721fe/6a8f67a39235e3662e572734_69f8d5575d9a881a3e77c2fa_Coyote-Brochure.pdf,custom-outdoor-kitchens-for-north-south-florida-homes,outdoor-kitchens
Artisan Brochure,artisan-brochure,6a8f67a39235e3662e572304,6a8f67a39235e3662e5721ff,6a8f67a39235e3662e5728c5,false,false,Mon May 04 2026 22:43:12 GMT+0000 (Coordinated Universal Time),Mon May 04 2026 23:40:02 GMT+0000 (Coordinated Universal Time),,https://cdn.prod.website-files.com/6a8f67a39235e3662e5721fe/6a8f67a39235e3662e572729_69f8d544d72245381fe3e822_Artisan-Brochure.jpeg,Download our Artisan Brochure brochure,https://cdn.prod.website-files.com/6a8f67a39235e3662e5721fe/6a8f67a39235e3662e57272a_69f8d54589d1c44d1c5e706f_Artisan-Brochure.pdf,custom-outdoor-kitchens-for-north-south-florida-homes,outdoor-kitchens
