Name,Slug,Collection ID,Locale ID,Item ID,Archived,Draft,Created On,Updated On,Published On,Region,Main Image,Metadescription Main Image SEO,Heading Page,Summary Intro Page,Heading Intro,Paragraph Intro,Imagen Intro 1,Metadata Imagen Intro 1,Imagen Intro 2,Metadata Imagen Intro 2,Imagen Intro 3,Metadata Imagen Intro 3,Heading 3D Rendeing Design,Text 3D Rendeing Design,Heading Gallery,Text Gallery,Heading Project,Text Project,Heading Reviews,Text Reviews,Heading Blog,Text Blog,Title SEO,Metadescription SEO
Alachua County,custom-pool-builders-alachua-county-fl,6a8f67a39235e3662e57237b,6a8f67a39235e3662e5721ff,6a8f67a39235e3662e57293d,false,false,Mon Jan 05 2026 20:16:24 GMT+0000 (Coordinated Universal Time),Fri Jan 23 2026 01:27:59 GMT+0000 (Coordinated Universal Time),,custom-pool-builders-north-florida,https://cdn.prod.website-files.com/6a8f67a39235e3662e5721fe/6a8f67a39235e3662e5726af_custom-pool-builders-alachua-county-florida.avif,"Custom pool and outdoor living design in Alachua County, Florida, featuring a modern pool integrated with natural landscaping and North Florida surroundings.","Custom Pool Builders in Alachua County, FL","We design and build custom pools and outdoor living spaces for Alachua County homes, blending modern design, natural elements, and functional outdoor comfort.",Custom Pools & Outdoor Living in Alachua County,"Serving Gainesville and nearby communities, we create custom pools and outdoor spaces designed for North Florida living, combining style, functionality, and long-term value.",https://cdn.prod.website-files.com/6a8f67a39235e3662e5721fe/6a8f67a39235e3662e5726a6_south-florida-custom-pool-builders-resort-style-backyar.avif,"Custom pool project in Alachua County featuring modern finishes, native landscaping, and a balanced outdoor living design.",https://cdn.prod.website-files.com/6a8f67a39235e3662e5721fe/6a8f67a39235e3662e5726a5_luxury-custom-pool-design-south-florida-outdoor-living.avif,Outdoor living space in Alachua County with custom pool and covered patio designed for everyday Florida living.,https://cdn.prod.website-files.com/6a8f67a39235e3662e5721fe/6a8f67a39235e3662e5726a7_florida-custom-pool-builders-modern-backyard.avif,Modern custom pool and spa in Alachua County designed for practical use and year-round outdoor enjoyment.,3D Pool Design & Planning,"Visualize your pool and outdoor layout in detailed 3D before construction, helping you plan features and spacing with confidence.",Our Custom Pool Gallery,Explore custom pools and outdoor living projects designed for homeowners throughout Alachua County.,Recent Projects Across Alachua County,Projects Designed for Your Property,"Each project is thoughtfully designed to match your property layout, lifestyle needs, and outdoor goals.",Trusted by Alachua County Homeowners,"Homeowners across Alachua County value our clear communication, attention to detail, and reliable process. We deliver custom pools and outdoor spaces built for everyday enjoyment.","Read practical tips on pool design, outdoor features, and maintenance ideas suited to North Florida homes.","Custom Pool Builders in Alachua County, FL | Outdoor Living","Custom pool builders in Alachua County, FL. We design pools and outdoor living spaces tailored to North Florida homes."
Broward County,custom-pool-builders-broward-county-fl,6a8f67a39235e3662e57237b,6a8f67a39235e3662e5721ff,6a8f67a39235e3662e57293e,false,false,Mon Jan 05 2026 20:16:24 GMT+0000 (Coordinated Universal Time),Fri Jan 23 2026 01:27:42 GMT+0000 (Coordinated Universal Time),,custom-pool-builders-south-florida,https://cdn.prod.website-files.com/6a8f67a39235e3662e5721fe/6a8f67a39235e3662e5726b2_custom-pool-builders-broward-county-florida.avif,"Luxury custom pool and outdoor living design in Broward County, Florida, featuring a modern pool, spa, and tropical landscaping.","Custom Pool Builders in Broward County, FL","We design and build luxury custom pools and outdoor living spaces for Broward County homes, combining modern design, premium materials, and lasting value.",Luxury Pools & Outdoor Living in Broward County,"From Fort Lauderdale to Weston, we create custom pools and outdoor spaces designed for South Florida living, enhancing comfort, style, and long-term property value.",https://cdn.prod.website-files.com/6a8f67a39235e3662e5721fe/6a8f67a39235e3662e5726a6_south-florida-custom-pool-builders-resort-style-backyar.avif,"Custom pool design in Broward County with premium finishes, tropical landscaping, and luxury outdoor living features.",https://cdn.prod.website-files.com/6a8f67a39235e3662e5721fe/6a8f67a39235e3662e5726a5_luxury-custom-pool-design-south-florida-outdoor-living.avif,"Outdoor living space in Broward County featuring a custom pool, pergola, and entertainment area designed for Florida homes.",https://cdn.prod.website-files.com/6a8f67a39235e3662e5721fe/6a8f67a39235e3662e5726a7_florida-custom-pool-builders-modern-backyard.avif,Modern custom pool and spa in Broward County designed for luxury homes and year-round outdoor enjoyment.,3D Pool Design & Visualization,"Preview your custom pool and outdoor space in detailed 3D before construction, ensuring confident design decisions.",Our Custom Pool Gallery,Explore completed custom pools and outdoor living projects created for homeowners across Broward County.,Projects Designed Around Your Home,"Each project is customized to your property, lifestyle, and vision for high-end outdoor living.",Trusted by Broward County Homeowners,"Homeowners across Broward County value our professionalism, clear communication, and attention to detail. Our streamlined process delivers high-quality pools and outdoor spaces built to last.",Outdoor Living Insights for Broward County,"Discover expert tips on pool design, outdoor living trends, and maintenance tailored to South Florida homes.","Custom Pool Builders in Broward County, FL | Outdoor Living","Custom pool builders in Broward County, FL. We design luxury pools and outdoor living spaces for South Florida homes."
Columbia County,custom-pool-builders-columbia-county-fl,6a8f67a39235e3662e57237b,6a8f67a39235e3662e5721ff,6a8f67a39235e3662e57293f,false,false,Mon Jan 05 2026 20:16:24 GMT+0000 (Coordinated Universal Time),Fri Jan 23 2026 01:27:59 GMT+0000 (Coordinated Universal Time),,custom-pool-builders-north-florida,https://cdn.prod.website-files.com/6a8f67a39235e3662e5721fe/6a8f67a39235e3662e5726ae_custom-pool-builders-columbia-county-florida.avif,"Custom pool and outdoor living design in Columbia County, Florida, featuring a well-crafted pool integrated into a natural North Florida setting.","Custom Pool Builders in Columbia County, FL","We design and build custom pools and outdoor living spaces for Columbia County homeowners, focusing on quality construction, thoughtful design, and outdoor comfort.",Custom Pools & Outdoor Living in Columbia County,"Serving Lake City and surrounding areas, we create custom pools and outdoor spaces designed for North Florida living, combining functionality, comfort, and lasting value.",https://cdn.prod.website-files.com/6a8f67a39235e3662e5721fe/6a8f67a39235e3662e5726a6_south-florida-custom-pool-builders-resort-style-backyar.avif,"Custom pool project in Columbia County featuring clean finishes, open landscaping, and a practical outdoor living layout.",https://cdn.prod.website-files.com/6a8f67a39235e3662e5721fe/6a8f67a39235e3662e5726a5_luxury-custom-pool-design-south-florida-outdoor-living.avif,Outdoor living space in Columbia County with custom pool and covered seating area designed for everyday outdoor use.,https://cdn.prod.website-files.com/6a8f67a39235e3662e5721fe/6a8f67a39235e3662e5726a7_florida-custom-pool-builders-modern-backyard.avif,"Modern custom pool and spa in Columbia County designed for durability, comfort, and long-term outdoor enjoyment.",3D Pool Design & Planning,"See your pool and outdoor layout in detailed 3D before construction, helping you plan features and layout with clarity.",Custom Pool Projects Gallery,View custom pool and outdoor living projects created for homeowners throughout Columbia County.,Projects Built for Everyday Living,"Each project is designed around your property, usage needs, and goals for comfortable outdoor living.",Trusted by Columbia County Homeowners,"Homeowners in Columbia County value our straightforward communication, attention to detail, and reliable process. We build custom pools and outdoor spaces designed to be enjoyed for years.",Outdoor Living Tips for Columbia County,"Explore practical advice on pool design, outdoor features, and maintenance ideas suited to North Florida homes.","Custom Pool Builders in Columbia County, FL | Outdoor Living","Custom pool builders in Columbia County, FL. We design pools and outdoor living spaces tailored to North Florida homes."
Dixie County,custom-pool-builders-dixie-county-fl,6a8f67a39235e3662e57237b,6a8f67a39235e3662e5721ff,6a8f67a39235e3662e572940,false,false,Mon Jan 05 2026 20:16:24 GMT+0000 (Coordinated Universal Time),Fri Jan 23 2026 01:27:59 GMT+0000 (Coordinated Universal Time),,custom-pool-builders-north-florida,https://cdn.prod.website-files.com/6a8f67a39235e3662e5721fe/6a8f67a39235e3662e5726ac_custom-pool-builders-dixie-county-florida.avif,"Custom pool and outdoor living design in Dixie County, Florida, featuring a well-built pool set within natural North Florida surroundings.","Custom Pool Builders in Dixie County, FL","We design and build custom pools and outdoor living spaces for Dixie County homeowners, focusing on practical design, quality construction, and outdoor spaces made to last.",Custom Pools & Outdoor Living in Dixie County,"Serving Cross City and nearby communities, we create custom pools and outdoor spaces designed for North Florida living, balancing simplicity, comfort, and long-term durability.",https://cdn.prod.website-files.com/6a8f67a39235e3662e5721fe/6a8f67a39235e3662e5726a7_florida-custom-pool-builders-modern-backyard.avif,"Custom pool project in Dixie County featuring clean finishes, open surroundings, and a functional outdoor living layout.",https://cdn.prod.website-files.com/6a8f67a39235e3662e5721fe/6a8f67a39235e3662e5726a5_luxury-custom-pool-design-south-florida-outdoor-living.avif,Outdoor living space in Dixie County with custom pool and covered seating area designed for everyday outdoor use.,https://cdn.prod.website-files.com/6a8f67a39235e3662e5721fe/6a8f67a39235e3662e5726a6_south-florida-custom-pool-builders-resort-style-backyar.avif,Modern custom pool and spa in Dixie County designed for durability and comfortable outdoor enjoyment.,3D Pool Design & Planning,"See your pool and outdoor layout in detailed 3D before construction, helping you plan features and spacing with clarity.",Custom Pool Projects Gallery,View custom pool and outdoor living projects created for homeowners throughout Dixie County.,Projects Built for Practical Living,"Each project is designed to match your property, daily use, and goals for comfortable outdoor living.",Trusted by Dixie County Homeowners,"Homeowners in Dixie County value our straightforward communication, dependable process, and attention to detail. We build custom pools and outdoor spaces designed for long-term enjoyment.",Outdoor Living Tips for Dixie County,"Explore practical advice on pool design, outdoor features, and maintenance ideas suited to North Florida homes.","Custom Pool Builders in Dixie County, FL | Outdoor Living","Custom pool builders in Dixie County, FL. We design pools and outdoor living spaces tailored to North Florida homes."
Gilchrist County,custom-pool-builders-gilchrist-county-fl,6a8f67a39235e3662e57237b,6a8f67a39235e3662e5721ff,6a8f67a39235e3662e572941,false,false,Mon Jan 05 2026 20:16:24 GMT+0000 (Coordinated Universal Time),Fri Jan 23 2026 01:27:59 GMT+0000 (Coordinated Universal Time),,custom-pool-builders-north-florida,https://cdn.prod.website-files.com/6a8f67a39235e3662e5721fe/6a8f67a39235e3662e5726ab_custom-pool-builders-gilchrist-county-florida.avif,"Custom pool and outdoor living design in Gilchrist County, Florida, featuring a beautifully crafted pool integrated with North Florida’s natural setting.","Custom Pool Builders in Gilchrist County, FL","We design and build custom pools and outdoor living spaces for Gilchrist County homeowners, blending thoughtful design, quality materials, and relaxed outdoor comfort.",Custom Pools & Outdoor Living in Gilchrist County,"Serving Trenton and nearby communities, we create custom pools and outdoor spaces designed for North Florida living, combining simplicity, functionality, and long-term value.",https://cdn.prod.website-files.com/6a8f67a39235e3662e5721fe/6a8f67a39235e3662e5726a6_south-florida-custom-pool-builders-resort-style-backyar.avif,"Custom pool project in Gilchrist County featuring natural finishes, open surroundings, and a welcoming outdoor living layout.",https://cdn.prod.website-files.com/6a8f67a39235e3662e5721fe/6a8f67a39235e3662e5726a5_luxury-custom-pool-design-south-florida-outdoor-living.avif,Outdoor living space in Gilchrist County with custom pool and covered patio designed for everyday outdoor enjoyment.,https://cdn.prod.website-files.com/6a8f67a39235e3662e5721fe/6a8f67a39235e3662e5726a7_florida-custom-pool-builders-modern-backyard.avif,"Modern custom pool and spa in Gilchrist County designed for comfort, durability, and year-round outdoor use.",3D Pool Design & Planning,"View your pool and outdoor layout in detailed 3D before construction, helping you plan features and layout with confidence.",Custom Pool Projects Gallery,Browse custom pool and outdoor living projects created for homeowners throughout Gilchrist County.,Projects Designed for Simple Living,"Each project is thoughtfully designed to match your property, lifestyle, and vision for comfortable outdoor living.",Trusted by Gilchrist County Homeowners,"Homeowners across Gilchrist County value our clear communication, practical approach, and attention to detail. We build custom pools and outdoor spaces designed for lasting enjoyment.",Outdoor Living Tips for Gilchrist County,"Find practical insights on pool design, outdoor features, and maintenance ideas suited to North Florida homes.","Custom Pool Builders in Gilchrist County, FL | Outdoor Living","Custom pool builders in Gilchrist County, FL. We design pools and outdoor living spaces tailored to North Florida homes."
Levy County,custom-pool-builders-levy-county-fl,6a8f67a39235e3662e57237b,6a8f67a39235e3662e5721ff,6a8f67a39235e3662e572942,false,false,Mon Jan 05 2026 20:16:24 GMT+0000 (Coordinated Universal Time),Fri Jan 23 2026 01:27:59 GMT+0000 (Coordinated Universal Time),,custom-pool-builders-north-florida,https://cdn.prod.website-files.com/6a8f67a39235e3662e5721fe/6a8f67a39235e3662e5726ad_custom-pool-builders-levy-county-florida.avif,"Custom pool and outdoor living design in Levy County, Florida, showcasing a thoughtfully designed pool set within natural North Florida surroundings.","Custom Pool Builders in Levy County, FL","We design and build custom pools and outdoor living spaces for Levy County homeowners, focusing on relaxed design, quality materials, and outdoor spaces built to enjoy.",Custom Pools & Outdoor Living in Levy County,"Serving Chiefland, Williston, and nearby areas, we create custom pools and outdoor spaces designed for North Florida living, blending comfort, simplicity, and long-term value.",https://cdn.prod.website-files.com/6a8f67a39235e3662e5721fe/6a8f67a39235e3662e5726a6_south-florida-custom-pool-builders-resort-style-backyar.avif,"Custom pool project in Levy County featuring natural finishes, open landscaping, and a comfortable outdoor living layout.",https://cdn.prod.website-files.com/6a8f67a39235e3662e5721fe/6a8f67a39235e3662e5726a5_luxury-custom-pool-design-south-florida-outdoor-living.avif,Outdoor living space in Levy County with custom pool and covered patio designed for everyday Florida outdoor living.,https://cdn.prod.website-files.com/6a8f67a39235e3662e5721fe/6a8f67a39235e3662e5726a7_florida-custom-pool-builders-modern-backyard.avif,"Modern custom pool and spa in Levy County designed for durability, comfort, and year-round outdoor enjoyment.",3D Pool Design & Planning,"Preview your pool and outdoor layout in detailed 3D before construction, helping you plan features and spacing with confidence.",Custom Pool Projects Gallery,Browse custom pool and outdoor living projects created for homeowners throughout Levy County.,Projects Designed for Relaxed Living,"Each project is thoughtfully designed to fit your property, lifestyle, and vision for comfortable outdoor living.",Trusted by Levy County Homeowners,"Homeowners across Levy County value our clear communication, practical approach, and attention to detail. We deliver custom pools and outdoor spaces built for everyday enjoyment.",Outdoor Living Ideas for Levy County,"Explore practical tips on pool design, outdoor features, and maintenance ideas tailored to North Florida homes.","Custom Pool Builders in Levy County, FL | Outdoor Living","Custom pool builders in Levy County, FL. We design pools and outdoor living spaces tailored to North Florida homes."
Marion County,custom-pool-builders-marion-county-fl,6a8f67a39235e3662e57237b,6a8f67a39235e3662e5721ff,6a8f67a39235e3662e572943,false,false,Mon Jan 05 2026 20:16:33 GMT+0000 (Coordinated Universal Time),Mon May 18 2026 23:47:47 GMT+0000 (Coordinated Universal Time),,custom-pool-builders-north-florida,https://cdn.prod.website-files.com/6a8f67a39235e3662e5721fe/6a8f67a39235e3662e5726b3_custom-pool-builders-marion-county-florida.avif,"Luxury custom pool and outdoor living design in Marion County, Florida, featuring a modern pool, spa, and natural North Florida landscaping.","Custom Pool Builders in Marion County, FL","We design and build luxury custom pools and outdoor living spaces for Marion County homes, blending refined design, premium materials, and timeless outdoor comfort.",Luxury Pools & Outdoor Living in Marion County,"From Ocala to surrounding communities, we create custom pools and outdoor spaces designed for North Florida living, enhancing comfort, functionality, and long-term property value.",https://cdn.prod.website-files.com/6a8f67a39235e3662e5721fe/6a8f67a39235e3662e5726a6_south-florida-custom-pool-builders-resort-style-backyar.avif,"Custom pool design in Marion County featuring elegant finishes, natural landscaping, and refined outdoor living details.",https://cdn.prod.website-files.com/6a8f67a39235e3662e5721fe/6a8f67a39235e3662e5726a5_luxury-custom-pool-design-south-florida-outdoor-living.avif,"Outdoor living space in Marion County with custom pool, covered patio, and entertainment area designed for Florida homes.",https://cdn.prod.website-files.com/6a8f67a39235e3662e5721fe/6a8f67a39235e3662e5726a7_florida-custom-pool-builders-modern-backyard.avif,Modern custom pool and spa in Marion County designed for upscale homes and year-round outdoor enjoyment.,3D Pool Design & Visualization,"Preview your custom pool and outdoor space in detailed 3D before construction begins, allowing confident planning, precise execution, and alignment before permitting.",Our Custom Pool Gallery,"Explore completed pool and outdoor living projects showcasing craftsmanship, structural quality, and refined design across North Florida.",Projects Designed Around Your Property,"Each project is tailored to your land, lifestyle, and vision for elegant outdoor living.",Trusted by Marion County Homeowners,"Homeowners across Marion County value our clear communication, craftsmanship, and attention to detail. Our streamlined process delivers high-quality pools and outdoor spaces built to last.",Outdoor Living Insights for Marion County,"Explore expert tips on pool design, outdoor living trends, and maintenance strategies tailored to North Florida homes.","Custom Pool Builders in Marion County, FL | Outdoor Living","Custom pool builders in Marion County, FL. We design luxury pools and outdoor living spaces tailored to North Florida homes."
Palm Beach County,custom-pool-builders-palm-beach-county-fl,6a8f67a39235e3662e57237b,6a8f67a39235e3662e5721ff,6a8f67a39235e3662e572944,false,false,Mon Jan 05 2026 20:16:24 GMT+0000 (Coordinated Universal Time),Fri Jan 23 2026 01:27:46 GMT+0000 (Coordinated Universal Time),,custom-pool-builders-south-florida,https://cdn.prod.website-files.com/6a8f67a39235e3662e5721fe/6a8f67a39235e3662e5726b1_custom-pool-builders-palm-beach-county-florida.avif,"Luxury custom pool and outdoor living design in Palm Beach County, Florida, featuring a modern pool, spa, and refined tropical landscaping.","Custom Pool Builders in Palm Beach County, FL","We design and build luxury custom pools and outdoor living spaces for Palm Beach County homes, combining refined design, premium materials, and coastal-inspired comfort.",Luxury Pools & Outdoor Living in Palm Beach County,"From West Palm Beach to Boca Raton, we create custom pools and outdoor spaces designed for South Florida living, enhancing elegance, comfort, and long-term property value.",https://cdn.prod.website-files.com/6a8f67a39235e3662e5721fe/6a8f67a39235e3662e5726a6_south-florida-custom-pool-builders-resort-style-backyar.avif,"Custom pool design in Palm Beach County featuring elegant finishes, tropical landscaping, and luxury outdoor living details.",https://cdn.prod.website-files.com/6a8f67a39235e3662e5721fe/6a8f67a39235e3662e5726a5_luxury-custom-pool-design-south-florida-outdoor-living.avif,"Luxury outdoor living space in Palm Beach County with custom pool, pergola, and entertainment area designed for Florida homes.",https://cdn.prod.website-files.com/6a8f67a39235e3662e5721fe/6a8f67a39235e3662e5726a7_florida-custom-pool-builders-modern-backyard.avif,Modern custom pool and spa in Palm Beach County designed for upscale coastal homes and year-round enjoyment.,3D Pool Design & Visualization,"Preview your custom pool and outdoor space in detailed 3D before construction, ensuring confident decisions and refined results.",Our Custom Pool Gallery,Explore completed custom pools and outdoor living projects designed for homeowners across Palm Beach County.,Projects Designed Around Your Home,"Each project is tailored to your property, lifestyle, and vision for luxury outdoor living.",Trusted by Palm Beach County Homeowners,"Homeowners across Palm Beach County value our professionalism, clear communication, and attention to detail. Our streamlined process delivers high-quality pools and outdoor spaces built to last.",Outdoor Living Insights for Palm Beach County,"Discover expert tips on pool design, outdoor living trends, and maintenance strategies tailored to South Florida homes.","Custom Pool Builders in Palm Beach County, FL | Outdoor Living","Custom pool builders in Palm Beach County, FL. We design luxury pools and outdoor living spaces tailored to South Florida homes."
Putnam County,custom-pool-builders-putnam-county-fl,6a8f67a39235e3662e57237b,6a8f67a39235e3662e5721ff,6a8f67a39235e3662e572945,false,false,Mon Jan 05 2026 20:16:24 GMT+0000 (Coordinated Universal Time),Fri Jan 23 2026 01:27:59 GMT+0000 (Coordinated Universal Time),,custom-pool-builders-north-florida,https://cdn.prod.website-files.com/6a8f67a39235e3662e5721fe/6a8f67a39235e3662e5726b0_custom-pool-builders-putnam-county-florida.avif,"Custom pool and outdoor living design in Putnam County, Florida, showcasing a beautifully designed pool with natural materials and lush surroundings.","Custom Pool Builders in Putnam County, FL","We create custom pools and outdoor living spaces for Putnam County homeowners, focusing on thoughtful design, quality materials, and outdoor spaces built to enjoy year-round.",Custom Pools & Outdoor Living in Putnam County,"Serving Palatka and surrounding areas, we design custom pools and outdoor spaces tailored to North Florida lifestyles, blending comfort, function, and lasting visual appeal.",https://cdn.prod.website-files.com/6a8f67a39235e3662e5721fe/6a8f67a39235e3662e5726a6_south-florida-custom-pool-builders-resort-style-backyar.avif,"Custom pool project in Putnam County featuring natural stone finishes, landscaped surroundings, and a welcoming outdoor living layout.",https://cdn.prod.website-files.com/6a8f67a39235e3662e5721fe/6a8f67a39235e3662e5726a5_luxury-custom-pool-design-south-florida-outdoor-living.avif,Outdoor living space in Putnam County with custom pool and covered seating area designed for relaxed Florida living.,https://cdn.prod.website-files.com/6a8f67a39235e3662e5721fe/6a8f67a39235e3662e5726a7_florida-custom-pool-builders-modern-backyard.avif,Modern custom pool and spa in Putnam County designed for functional outdoor enjoyment and long-term durability.,3D Pool Design & Planning,"View your pool and outdoor layout in detailed 3D before construction, helping you plan features, spacing, and finishes with clarity.",Custom Pool Projects Gallery,Browse custom pool and outdoor living projects designed for homeowners throughout Putnam County.,Projects Built for Real Lifestyles,"Each project is thoughtfully designed to fit your property, usage needs, and vision for outdoor living.",Trusted by Putnam County Homeowners,"Homeowners in Putnam County appreciate our clear communication, hands-on approach, and focus on quality. Our process delivers dependable results and outdoor spaces built to be enjoyed for years.",Outdoor Living Tips for Putnam County,"Find practical advice on pool design, outdoor features, and maintenance ideas suited to North Florida homes.","Custom Pool Builders in Putnam County, FL | Outdoor Living","Custom pool builders in Putnam County, FL. We design pools and outdoor living spaces tailored to North Florida homes."
