Name,Slug,Collection ID,Locale ID,Item ID,Archived,Draft,Created On,Updated On,Published On,Service ID,Feature,Image,Metadata Image SEO,Service,Type
Deck 1,deck-1,6a8f67a39235e3662e5722d0,6a8f67a39235e3662e5721ff,6a8f67a39235e3662e5727fa,false,false,Sun Dec 21 2025 17:59:26 GMT+0000 (Coordinated Universal Time),Sat Dec 27 2025 02:18:40 GMT+0000 (Coordinated Universal Time),,decks,false,https://cdn.prod.website-files.com/68f18633d5478a29ee1522e9/694835ecde2a6de57b95c715_custom-deck-builders-contractors-north-south-florida-01.jpg,Custom composite deck with pergola structure installed by licensed deck builders in South Florida.,custom-deck-builders-in-north-south-florida,residential
Deck 10,deck-10,6a8f67a39235e3662e5722d0,6a8f67a39235e3662e5721ff,6a8f67a39235e3662e5727fb,false,false,Sun Dec 21 2025 18:00:15 GMT+0000 (Coordinated Universal Time),Sat Dec 27 2025 02:18:39 GMT+0000 (Coordinated Universal Time),,decks,false,https://cdn.prod.website-files.com/6a8f67a39235e3662e5721fe/6a8f67a39235e3662e57254f_custom-deck-builders-contractors-north-south-florida-10.jpg,Luxury covered deck construction using premium materials by custom deck builders in North & South Florida.,custom-deck-builders-in-north-south-florida,residential
Deck 2,deck-2,6a8f67a39235e3662e5722d0,6a8f67a39235e3662e5721ff,6a8f67a39235e3662e5727fc,false,false,Sun Dec 21 2025 17:59:30 GMT+0000 (Coordinated Universal Time),Sat Dec 27 2025 02:18:39 GMT+0000 (Coordinated Universal Time),,decks,false,https://cdn.prod.website-files.com/6a8f67a39235e3662e5721fe/6a8f67a39235e3662e572547_custom-deck-builders-contractors-north-south-florida-02.jpg,Custom composite deck with pergola structure built by licensed deck contractors serving North & South Florida homes.,custom-deck-builders-in-north-south-florida,residential
Deck 3,deck-3,6a8f67a39235e3662e5722d0,6a8f67a39235e3662e5721ff,6a8f67a39235e3662e5727fd,false,false,Sun Dec 21 2025 17:59:35 GMT+0000 (Coordinated Universal Time),Sat Dec 27 2025 02:18:39 GMT+0000 (Coordinated Universal Time),,decks,false,https://cdn.prod.website-files.com/6a8f67a39235e3662e5721fe/6a8f67a39235e3662e572548_custom-deck-builders-contractors-north-south-florida-03.jpg,Elevated composite deck with railing system installed by expert deck builders in North & South Florida.,custom-deck-builders-in-north-south-florida,residential
Deck 4,deck-4,6a8f67a39235e3662e5722d0,6a8f67a39235e3662e5721ff,6a8f67a39235e3662e5727fe,false,false,Sun Dec 21 2025 17:59:39 GMT+0000 (Coordinated Universal Time),Sat Dec 27 2025 02:18:39 GMT+0000 (Coordinated Universal Time),,decks,false,https://cdn.prod.website-files.com/6a8f67a39235e3662e5721fe/6a8f67a39235e3662e572549_custom-deck-builders-contractors-north-south-florida-04.jpg,Poolside deck construction using durable decking materials by professional deck contractors in North & South Florida.,custom-deck-builders-in-north-south-florida,residential
Deck 5,deck-5,6a8f67a39235e3662e5722d0,6a8f67a39235e3662e5721ff,6a8f67a39235e3662e5727ff,false,false,Sun Dec 21 2025 17:59:48 GMT+0000 (Coordinated Universal Time),Sat Dec 27 2025 02:18:39 GMT+0000 (Coordinated Universal Time),,decks,false,https://cdn.prod.website-files.com/6a8f67a39235e3662e5721fe/6a8f67a39235e3662e57254a_custom-deck-builders-contractors-north-south-florida-05.jpg,Custom wood deck walkway with integrated seating built by residential deck builders in North & South Florida.,custom-deck-builders-in-north-south-florida,residential
Deck 6,deck-6,6a8f67a39235e3662e5722d0,6a8f67a39235e3662e5721ff,6a8f67a39235e3662e572800,false,false,Sun Dec 21 2025 17:59:54 GMT+0000 (Coordinated Universal Time),Sat Dec 27 2025 02:18:39 GMT+0000 (Coordinated Universal Time),,decks,false,https://cdn.prod.website-files.com/6a8f67a39235e3662e5721fe/6a8f67a39235e3662e57254b_custom-deck-builders-contractors-north-south-florida-06.jpg,Modern pool deck installation with premium wood by licensed deck builders serving North & South Florida.,custom-deck-builders-in-north-south-florida,residential
Deck 7,deck-7,6a8f67a39235e3662e5722d0,6a8f67a39235e3662e5721ff,6a8f67a39235e3662e572801,false,false,Sun Dec 21 2025 17:59:59 GMT+0000 (Coordinated Universal Time),Sat Dec 27 2025 02:18:39 GMT+0000 (Coordinated Universal Time),,decks,false,https://cdn.prod.website-files.com/6a8f67a39235e3662e5721fe/6a8f67a39235e3662e57254c_custom-deck-builders-contractors-north-south-florida-07.jpg,Waterfront custom deck with cable railing designed and installed by deck contractors in North & South Florida.,custom-deck-builders-in-north-south-florida,residential
Deck 8,deck-8,6a8f67a39235e3662e5722d0,6a8f67a39235e3662e5721ff,6a8f67a39235e3662e572802,false,false,Sun Dec 21 2025 18:00:04 GMT+0000 (Coordinated Universal Time),Sat Dec 27 2025 02:18:41 GMT+0000 (Coordinated Universal Time),,decks,false,https://cdn.prod.website-files.com/6a8f67a39235e3662e5721fe/6a8f67a39235e3662e57254d_custom-deck-builders-contractors-north-south-florida-08.jpg,Coastal composite deck installation for Florida homes by experienced deck builders and contractors.,custom-deck-builders-in-north-south-florida,residential
Deck 9,deck-9,6a8f67a39235e3662e5722d0,6a8f67a39235e3662e5721ff,6a8f67a39235e3662e572803,false,false,Sun Dec 21 2025 18:00:09 GMT+0000 (Coordinated Universal Time),Sat Dec 27 2025 02:18:40 GMT+0000 (Coordinated Universal Time),,decks,false,https://cdn.prod.website-files.com/6a8f67a39235e3662e5721fe/6a8f67a39235e3662e57254e_custom-deck-builders-contractors-north-south-florida-09.jpg,Custom wood deck with pergola integration built by professional deck contractors in North & South Florida.,custom-deck-builders-in-north-south-florida,residential
Furniture 1,furniture-1,6a8f67a39235e3662e5722d0,6a8f67a39235e3662e5721ff,6a8f67a39235e3662e572804,false,false,Sun Dec 21 2025 18:05:46 GMT+0000 (Coordinated Universal Time),Sat Dec 27 2025 02:18:39 GMT+0000 (Coordinated Universal Time),,furniture,false,https://cdn.prod.website-files.com/6a8f67a39235e3662e5721fe/6a8f67a39235e3662e572550_custom-outdoor-furniture-builders-florida-01.jpg,"Luxury outdoor seating set installed on pool deck in North Florida, showcasing custom outdoor furniture for residential poolside projects.",premium-outdoor-furniture-for-north-south-florida-homes,residential
Furniture 10,furniture-10,6a8f67a39235e3662e5722d0,6a8f67a39235e3662e5721ff,6a8f67a39235e3662e572805,false,false,Sun Dec 21 2025 18:07:12 GMT+0000 (Coordinated Universal Time),Sat Dec 27 2025 02:18:39 GMT+0000 (Coordinated Universal Time),,furniture,false,https://cdn.prod.website-files.com/6a8f67a39235e3662e5721fe/6a8f67a39235e3662e572559_custom-outdoor-furniture-builders-florida-10.jpg,"Custom outdoor sofa and seating set installed near pool and spa in North Florida, designed for durable and elegant outdoor living.",premium-outdoor-furniture-for-north-south-florida-homes,residential
Furniture 2,furniture-2,6a8f67a39235e3662e5722d0,6a8f67a39235e3662e5721ff,6a8f67a39235e3662e572806,false,false,Sun Dec 21 2025 18:05:55 GMT+0000 (Coordinated Universal Time),Sat Dec 27 2025 02:18:40 GMT+0000 (Coordinated Universal Time),,furniture,false,https://cdn.prod.website-files.com/6a8f67a39235e3662e5721fe/6a8f67a39235e3662e572551_custom-outdoor-furniture-builders-florida-02.jpg,"Modern poolside lounge chairs with ocean views in South Florida, featuring high-end outdoor furniture installation for luxury properties.",premium-outdoor-furniture-for-north-south-florida-homes,residential
Furniture 3,furniture-3,6a8f67a39235e3662e5722d0,6a8f67a39235e3662e5721ff,6a8f67a39235e3662e572807,false,false,Sun Dec 21 2025 18:06:01 GMT+0000 (Coordinated Universal Time),Sat Dec 27 2025 02:18:40 GMT+0000 (Coordinated Universal Time),,furniture,false,https://cdn.prod.website-files.com/6a8f67a39235e3662e5721fe/6a8f67a39235e3662e572552_custom-outdoor-furniture-builders-florida-03.jpg,"Custom outdoor daybed installed near an infinity pool in South Florida, designed for luxury residential outdoor living spaces.",premium-outdoor-furniture-for-north-south-florida-homes,residential
Furniture 4,furniture-4,6a8f67a39235e3662e5722d0,6a8f67a39235e3662e5721ff,6a8f67a39235e3662e572808,false,false,Sun Dec 21 2025 18:06:10 GMT+0000 (Coordinated Universal Time),Sat Dec 27 2025 02:18:39 GMT+0000 (Coordinated Universal Time),,furniture,false,https://cdn.prod.website-files.com/6a8f67a39235e3662e5721fe/6a8f67a39235e3662e572553_custom-outdoor-furniture-builders-florida-04.jpg,"Wicker outdoor sofa set overlooking the ocean in North Florida, ideal for upscale patio and terrace furniture installations.",premium-outdoor-furniture-for-north-south-florida-homes,residential
Furniture 5,furniture-5,6a8f67a39235e3662e5722d0,6a8f67a39235e3662e5721ff,6a8f67a39235e3662e572809,false,false,Sun Dec 21 2025 18:06:17 GMT+0000 (Coordinated Universal Time),Sat Dec 27 2025 02:18:39 GMT+0000 (Coordinated Universal Time),,furniture,false,https://cdn.prod.website-files.com/6a8f67a39235e3662e5721fe/6a8f67a39235e3662e572554_custom-outdoor-furniture-builders-florida-05.jpg,"Hanging outdoor lounge chair installed on coastal patio in South Florida, blending modern design with durable outdoor materials.",premium-outdoor-furniture-for-north-south-florida-homes,residential
Furniture 6,furniture-6,6a8f67a39235e3662e5722d0,6a8f67a39235e3662e5721ff,6a8f67a39235e3662e57280a,false,false,Sun Dec 21 2025 18:06:35 GMT+0000 (Coordinated Universal Time),Sat Dec 27 2025 02:18:39 GMT+0000 (Coordinated Universal Time),,furniture,false,https://cdn.prod.website-files.com/6a8f67a39235e3662e5721fe/6a8f67a39235e3662e572555_custom-outdoor-furniture-builders-florida-06.jpg,"Custom curved outdoor sofa set installed in a tropical North Florida backyard, designed for comfort and luxury entertaining.",premium-outdoor-furniture-for-north-south-florida-homes,residential
Furniture 7,furniture-7,6a8f67a39235e3662e5722d0,6a8f67a39235e3662e5721ff,6a8f67a39235e3662e57280b,false,false,Sun Dec 21 2025 18:06:43 GMT+0000 (Coordinated Universal Time),Sat Dec 27 2025 02:18:40 GMT+0000 (Coordinated Universal Time),,furniture,false,https://cdn.prod.website-files.com/6a8f67a39235e3662e5721fe/6a8f67a39235e3662e572556_custom-outdoor-furniture-builders-florida-07.jpg,"Outdoor conversation set with fire feature installed in South Florida, enhancing backyard living with premium furniture solutions.",premium-outdoor-furniture-for-north-south-florida-homes,residential
Furniture 8,furniture-8,6a8f67a39235e3662e5722d0,6a8f67a39235e3662e5721ff,6a8f67a39235e3662e57280c,false,false,Sun Dec 21 2025 18:06:51 GMT+0000 (Coordinated Universal Time),Sat Dec 27 2025 02:18:40 GMT+0000 (Coordinated Universal Time),,furniture,false,https://cdn.prod.website-files.com/6a8f67a39235e3662e5721fe/6a8f67a39235e3662e572557_custom-outdoor-furniture-builders-florida-08.jpg,"Luxury outdoor lounge pod installed beside waterfront pool in North Florida, showcasing custom-built relaxation furniture.",premium-outdoor-furniture-for-north-south-florida-homes,residential
Furniture 9,furniture-9,6a8f67a39235e3662e5722d0,6a8f67a39235e3662e5721ff,6a8f67a39235e3662e57280d,false,false,Sun Dec 21 2025 18:07:04 GMT+0000 (Coordinated Universal Time),Sat Dec 27 2025 02:18:40 GMT+0000 (Coordinated Universal Time),,furniture,false,https://cdn.prod.website-files.com/6a8f67a39235e3662e5721fe/6a8f67a39235e3662e572558_custom-outdoor-furniture-builders-florida-09.jpg,"Modern outdoor cabana-style seating installed next to infinity pool in South Florida, built for high-end residential projects.",premium-outdoor-furniture-for-north-south-florida-homes,residential
Irrigation 1,irrigation-1,6a8f67a39235e3662e5722d0,6a8f67a39235e3662e5721ff,6a8f67a39235e3662e57280e,false,false,Sun Dec 21 2025 18:13:43 GMT+0000 (Coordinated Universal Time),Sat Dec 27 2025 02:18:40 GMT+0000 (Coordinated Universal Time),,irrigation,false,https://cdn.prod.website-files.com/6a8f67a39235e3662e5721fe/6a8f67a39235e3662e57255d_automated-irrigation-system-installers-florida-01.jpg,"Automated irrigation system installed on commercial golf course landscape in North Florida, providing precise watering and healthy turf management.",smart-irrigation-system-installation-in-north-south-florida,residential
Irrigation 10,irrigation-10,6a8f67a39235e3662e5722d0,6a8f67a39235e3662e5721ff,6a8f67a39235e3662e57280f,false,false,Sun Dec 21 2025 18:15:27 GMT+0000 (Coordinated Universal Time),Sat Dec 27 2025 02:18:39 GMT+0000 (Coordinated Universal Time),,irrigation,false,https://cdn.prod.website-files.com/6a8f67a39235e3662e5721fe/6a8f67a39235e3662e57255c_automated-irrigation-system-installers-florida-10.jpg,"Professional irrigation system installation for landscaped gardens and walkways in South Florida, enhancing curb appeal and plant health.",smart-irrigation-system-installation-in-north-south-florida,residential
Irrigation 2,irrigation-2,6a8f67a39235e3662e5722d0,6a8f67a39235e3662e5721ff,6a8f67a39235e3662e572810,false,false,Sun Dec 21 2025 18:13:53 GMT+0000 (Coordinated Universal Time),Sat Dec 27 2025 02:18:40 GMT+0000 (Coordinated Universal Time),,irrigation,false,https://cdn.prod.website-files.com/6a8f67a39235e3662e5721fe/6a8f67a39235e3662e57255f_automated-irrigation-system-installers-florida-02.jpg,"Residential irrigation system installation along walkways and lawn areas in South Florida, ensuring even coverage and efficient water use.",smart-irrigation-system-installation-in-north-south-florida,residential
Irrigation 3,irrigation-3,6a8f67a39235e3662e5722d0,6a8f67a39235e3662e5721ff,6a8f67a39235e3662e572811,false,false,Sun Dec 21 2025 18:14:00 GMT+0000 (Coordinated Universal Time),Sat Dec 27 2025 02:18:41 GMT+0000 (Coordinated Universal Time),,irrigation,false,https://cdn.prod.website-files.com/6a8f67a39235e3662e5721fe/6a8f67a39235e3662e57255e_automated-irrigation-system-installers-florida-03.jpg,"Smart irrigation sprinkler system installed in modern residential property, designed for efficient lawn watering across North and South Florida.",smart-irrigation-system-installation-in-north-south-florida,residential
Irrigation 4,irrigation-4,6a8f67a39235e3662e5722d0,6a8f67a39235e3662e5721ff,6a8f67a39235e3662e572812,false,false,Sun Dec 21 2025 18:14:09 GMT+0000 (Coordinated Universal Time),Sat Dec 27 2025 02:18:40 GMT+0000 (Coordinated Universal Time),,irrigation,false,https://cdn.prod.website-files.com/6a8f67a39235e3662e5721fe/6a8f67a39235e3662e572561_automated-irrigation-system-installers-florida-04.jpg,"Professional irrigation system installation for residential lawns in Florida, delivering uniform spray patterns and water-efficient performance.",smart-irrigation-system-installation-in-north-south-florida,residential
Irrigation 5,irrigation-5,6a8f67a39235e3662e5722d0,6a8f67a39235e3662e5721ff,6a8f67a39235e3662e572813,false,false,Sun Dec 21 2025 18:14:27 GMT+0000 (Coordinated Universal Time),Sat Dec 27 2025 02:18:39 GMT+0000 (Coordinated Universal Time),,irrigation,false,https://cdn.prod.website-files.com/6a8f67a39235e3662e5721fe/6a8f67a39235e3662e572560_automated-irrigation-system-installers-florida-05.jpg,"Landscape irrigation system designed for residential properties in South Florida, maintaining healthy grass with optimized watering schedules.",smart-irrigation-system-installation-in-north-south-florida,residential
Irrigation 6,irrigation-6,6a8f67a39235e3662e5722d0,6a8f67a39235e3662e5721ff,6a8f67a39235e3662e572814,false,false,Sun Dec 21 2025 18:14:40 GMT+0000 (Coordinated Universal Time),Sat Dec 27 2025 02:18:40 GMT+0000 (Coordinated Universal Time),,irrigation,false,https://cdn.prod.website-files.com/6a8f67a39235e3662e5721fe/6a8f67a39235e3662e572562_automated-irrigation-system-installers-florida-06.jpg,"Custom irrigation installation for landscaped hedges and gardens in North Florida, ensuring precise moisture control and plant health.",smart-irrigation-system-installation-in-north-south-florida,residential
Irrigation 7,irrigation-7,6a8f67a39235e3662e5722d0,6a8f67a39235e3662e5721ff,6a8f67a39235e3662e572815,false,false,Sun Dec 21 2025 18:14:51 GMT+0000 (Coordinated Universal Time),Sat Dec 27 2025 02:18:41 GMT+0000 (Coordinated Universal Time),,irrigation,false,https://cdn.prod.website-files.com/6a8f67a39235e3662e5721fe/6a8f67a39235e3662e572563_automated-irrigation-system-installers-florida-07.jpg,"Automated lawn irrigation system installed in a modern residential home, improving water efficiency and landscape maintenance in Florida.",smart-irrigation-system-installation-in-north-south-florida,residential
Irrigation 8,irrigation-8,6a8f67a39235e3662e5722d0,6a8f67a39235e3662e5721ff,6a8f67a39235e3662e572816,false,false,Sun Dec 21 2025 18:15:03 GMT+0000 (Coordinated Universal Time),Sat Dec 27 2025 02:18:39 GMT+0000 (Coordinated Universal Time),,irrigation,false,https://cdn.prod.website-files.com/6a8f67a39235e3662e5721fe/6a8f67a39235e3662e57255a_automated-irrigation-system-installers-florida-08.jpg,Residential irrigation system contractors installing efficient sprinklers for front yard lawns across North and South Florida homes.,smart-irrigation-system-installation-in-north-south-florida,residential
Irrigation 9,irrigation-9,6a8f67a39235e3662e5722d0,6a8f67a39235e3662e5721ff,6a8f67a39235e3662e572817,false,false,Sun Dec 21 2025 18:15:15 GMT+0000 (Coordinated Universal Time),Sat Dec 27 2025 02:18:39 GMT+0000 (Coordinated Universal Time),,irrigation,false,https://cdn.prod.website-files.com/6a8f67a39235e3662e5721fe/6a8f67a39235e3662e57255b_automated-irrigation-system-installers-florida-09.jpg,"Close-up of precision irrigation sprinkler head installation in Florida landscape, providing targeted watering and reduced water waste.",smart-irrigation-system-installation-in-north-south-florida,residential
Kitchen 1,kitchen-1,6a8f67a39235e3662e5722d0,6a8f67a39235e3662e5721ff,6a8f67a39235e3662e572818,false,false,Fri Dec 26 2025 20:12:19 GMT+0000 (Coordinated Universal Time),Sat Dec 27 2025 02:18:41 GMT+0000 (Coordinated Universal Time),,kitchen,false,https://cdn.prod.website-files.com/6a8f67a39235e3662e5721fe/6a8f67a39235e3662e57263f_covered-custom-outdoor-kitchen-florida.avif,Custom outdoor kitchen built by professional outdoor kitchen builders in Florida,custom-outdoor-kitchens-for-north-south-florida-homes,residential
Kitchen 2,kitchen-2,6a8f67a39235e3662e5722d0,6a8f67a39235e3662e5721ff,6a8f67a39235e3662e572819,false,false,Fri Dec 26 2025 20:12:42 GMT+0000 (Coordinated Universal Time),Sat Dec 27 2025 02:18:40 GMT+0000 (Coordinated Universal Time),,kitchen,false,https://cdn.prod.website-files.com/6a8f67a39235e3662e5721fe/6a8f67a39235e3662e572640_custom-outdoor-kitchen-poolside-florida.avif,Luxury custom outdoor kitchen with premium finishes for Florida outdoor living,custom-outdoor-kitchens-for-north-south-florida-homes,residential
Kitchen 3,kitchen-3,6a8f67a39235e3662e5722d0,6a8f67a39235e3662e5721ff,6a8f67a39235e3662e57281a,false,false,Fri Dec 26 2025 20:12:51 GMT+0000 (Coordinated Universal Time),Sat Dec 27 2025 02:18:41 GMT+0000 (Coordinated Universal Time),,kitchen,false,https://cdn.prod.website-files.com/6a8f67a39235e3662e5721fe/6a8f67a39235e3662e572641_custom-outdoor-kitchens-florida.avif,Covered custom outdoor kitchen designed for year-round use in Florida,custom-outdoor-kitchens-for-north-south-florida-homes,residential
Kitchen 4,kitchen-4,6a8f67a39235e3662e5722d0,6a8f67a39235e3662e5721ff,6a8f67a39235e3662e57281b,false,false,Fri Dec 26 2025 20:13:01 GMT+0000 (Coordinated Universal Time),Sat Dec 27 2025 02:18:41 GMT+0000 (Coordinated Universal Time),,kitchen,false,https://cdn.prod.website-files.com/6a8f67a39235e3662e5721fe/6a8f67a39235e3662e572642_custom-outdoor-kitchen-with-grill-florida.avif,Custom outdoor kitchen with built-in grill for Florida outdoor entertaining,custom-outdoor-kitchens-for-north-south-florida-homes,residential
Kitchen 5,kitchen-5,6a8f67a39235e3662e5722d0,6a8f67a39235e3662e5721ff,6a8f67a39235e3662e57281c,false,false,Fri Dec 26 2025 20:13:11 GMT+0000 (Coordinated Universal Time),Sat Dec 27 2025 02:18:40 GMT+0000 (Coordinated Universal Time),,kitchen,false,https://cdn.prod.website-files.com/6a8f67a39235e3662e5721fe/6a8f67a39235e3662e572643_high-end-outdoor-kitchen-layout-florida.avif,Modern custom outdoor kitchen design for Florida residential properties,custom-outdoor-kitchens-for-north-south-florida-homes,residential
Kitchen 6,kitchen-6,6a8f67a39235e3662e5722d0,6a8f67a39235e3662e5721ff,6a8f67a39235e3662e57281d,false,false,Fri Dec 26 2025 20:13:19 GMT+0000 (Coordinated Universal Time),Sat Dec 27 2025 02:18:41 GMT+0000 (Coordinated Universal Time),,kitchen,false,https://cdn.prod.website-files.com/6a8f67a39235e3662e5721fe/6a8f67a39235e3662e572644_luxury-custom-outdoor-kitchen-florida.avif,High-end custom outdoor kitchen layout designed for luxury Florida homes,custom-outdoor-kitchens-for-north-south-florida-homes,residential
Kitchen 7,kitchen-7,6a8f67a39235e3662e5722d0,6a8f67a39235e3662e5721ff,6a8f67a39235e3662e57281e,false,false,Fri Dec 26 2025 20:13:31 GMT+0000 (Coordinated Universal Time),Sat Dec 27 2025 02:18:41 GMT+0000 (Coordinated Universal Time),,kitchen,false,https://cdn.prod.website-files.com/6a8f67a39235e3662e5721fe/6a8f67a39235e3662e572645_modern-custom-outdoor-kitchen-design-florida.avif,Custom outdoor kitchen installed near a pool for Florida outdoor living,custom-outdoor-kitchens-for-north-south-florida-homes,residential
Kitchen 8,kitchen-8,6a8f67a39235e3662e5722d0,6a8f67a39235e3662e5721ff,6a8f67a39235e3662e57281f,false,false,Fri Dec 26 2025 20:13:48 GMT+0000 (Coordinated Universal Time),Sat Dec 27 2025 02:18:41 GMT+0000 (Coordinated Universal Time),,kitchen,false,https://cdn.prod.website-files.com/6a8f67a39235e3662e5721fe/6a8f67a39235e3662e572646_premium-outdoor-kitchen-installation-florida.avif,Premium custom outdoor kitchen installation completed in Florida,custom-outdoor-kitchens-for-north-south-florida-homes,residential
Landscaping 1,landscaping-1,6a8f67a39235e3662e5722d0,6a8f67a39235e3662e5721ff,6a8f67a39235e3662e572820,false,false,Sun Dec 21 2025 18:20:15 GMT+0000 (Coordinated Universal Time),Sat Dec 27 2025 02:18:40 GMT+0000 (Coordinated Universal Time),,landscaping,false,https://cdn.prod.website-files.com/6a8f67a39235e3662e5721fe/6a8f67a39235e3662e572564_luxury-landscaping-construction-contractors-florida-01.jpg,Custom pergola and luxury patio landscaping project by professional contractors serving North and South Florida.,professional-landscaping-services-in-north-south-florida,residential
Landscaping 10,landscaping-10,6a8f67a39235e3662e5722d0,6a8f67a39235e3662e5721ff,6a8f67a39235e3662e572821,false,false,Sun Dec 21 2025 18:22:20 GMT+0000 (Coordinated Universal Time),Sat Dec 27 2025 02:18:41 GMT+0000 (Coordinated Universal Time),,landscaping,false,https://cdn.prod.website-files.com/6a8f67a39235e3662e5721fe/6a8f67a39235e3662e57256d_luxury-landscaping-construction-contractors-florida-10.jpg,Residential front yard landscaping construction with palms and pavers by Florida landscape professionals.,professional-landscaping-services-in-north-south-florida,residential
Landscaping 2,landscaping-2,6a8f67a39235e3662e5722d0,6a8f67a39235e3662e5721ff,6a8f67a39235e3662e572822,false,false,Sun Dec 21 2025 18:20:27 GMT+0000 (Coordinated Universal Time),Sat Dec 27 2025 02:18:41 GMT+0000 (Coordinated Universal Time),,landscaping,false,https://cdn.prod.website-files.com/6a8f67a39235e3662e5721fe/6a8f67a39235e3662e572565_luxury-landscaping-construction-contractors-florida-02.jpg,"Residential front yard landscaping with palm trees, plants, and pavers by Florida landscaping contractors.",professional-landscaping-services-in-north-south-florida,residential
Landscaping 3,landscaping-3,6a8f67a39235e3662e5722d0,6a8f67a39235e3662e5721ff,6a8f67a39235e3662e572823,false,false,Sun Dec 21 2025 18:20:40 GMT+0000 (Coordinated Universal Time),Sat Dec 27 2025 02:18:40 GMT+0000 (Coordinated Universal Time),,landscaping,false,https://cdn.prod.website-files.com/6a8f67a39235e3662e5721fe/6a8f67a39235e3662e572566_luxury-landscaping-construction-contractors-florida-03.jpg,Custom tropical landscaping project for residential property built by South Florida landscape contractors.,professional-landscaping-services-in-north-south-florida,residential
Landscaping 4,landscaping-4,6a8f67a39235e3662e5722d0,6a8f67a39235e3662e5721ff,6a8f67a39235e3662e572824,false,false,Sun Dec 21 2025 18:20:48 GMT+0000 (Coordinated Universal Time),Sat Dec 27 2025 02:18:39 GMT+0000 (Coordinated Universal Time),,landscaping,false,https://cdn.prod.website-files.com/6a8f67a39235e3662e5721fe/6a8f67a39235e3662e572567_luxury-landscaping-construction-contractors-florida-04.jpg,Luxury pool landscaping construction with tropical plants and hardscape by Florida landscaping builders.,professional-landscaping-services-in-north-south-florida,residential
Landscaping 5,landscaping-5,6a8f67a39235e3662e5722d0,6a8f67a39235e3662e5721ff,6a8f67a39235e3662e572825,false,false,Sun Dec 21 2025 18:20:58 GMT+0000 (Coordinated Universal Time),Sat Dec 27 2025 02:18:39 GMT+0000 (Coordinated Universal Time),,landscaping,false,https://cdn.prod.website-files.com/6a8f67a39235e3662e5721fe/6a8f67a39235e3662e572568_luxury-landscaping-construction-contractors-florida-05.jpg,High-end garden landscaping with water features and stone paths built by Florida landscape contractors.,professional-landscaping-services-in-north-south-florida,residential
Landscaping 6,landscaping-6,6a8f67a39235e3662e5722d0,6a8f67a39235e3662e5721ff,6a8f67a39235e3662e572826,false,false,Sun Dec 21 2025 18:21:07 GMT+0000 (Coordinated Universal Time),Sat Dec 27 2025 02:18:40 GMT+0000 (Coordinated Universal Time),,landscaping,false,https://cdn.prod.website-files.com/6a8f67a39235e3662e5721fe/6a8f67a39235e3662e572569_luxury-landscaping-construction-contractors-florida-06.jpg,Luxury residential landscaping construction featuring custom plant selection and stone elements in Florida.,professional-landscaping-services-in-north-south-florida,residential
Landscaping 7,landscaping-7,6a8f67a39235e3662e5722d0,6a8f67a39235e3662e5721ff,6a8f67a39235e3662e572827,false,false,Sun Dec 21 2025 18:21:42 GMT+0000 (Coordinated Universal Time),Sat Dec 27 2025 02:18:41 GMT+0000 (Coordinated Universal Time),,landscaping,false,https://cdn.prod.website-files.com/6a8f67a39235e3662e5721fe/6a8f67a39235e3662e57256a_luxury-landscaping-construction-contractors-florida-07.jpg,Custom home landscaping with palm trees and garden beds by North and South Florida contractors.,professional-landscaping-services-in-north-south-florida,residential
Landscaping 8,landscaping-8,6a8f67a39235e3662e5722d0,6a8f67a39235e3662e5721ff,6a8f67a39235e3662e572828,false,false,Sun Dec 21 2025 18:21:54 GMT+0000 (Coordinated Universal Time),Sat Dec 27 2025 02:18:40 GMT+0000 (Coordinated Universal Time),,landscaping,false,https://cdn.prod.website-files.com/6a8f67a39235e3662e5721fe/6a8f67a39235e3662e57256b_luxury-landscaping-construction-contractors-florida-08.jpg,Coastal luxury landscaping project with turf and walkways designed by Florida landscape builders.,professional-landscaping-services-in-north-south-florida,residential
Landscaping 9,landscaping-9,6a8f67a39235e3662e5722d0,6a8f67a39235e3662e5721ff,6a8f67a39235e3662e572829,false,false,Sun Dec 21 2025 18:22:08 GMT+0000 (Coordinated Universal Time),Sat Dec 27 2025 02:18:40 GMT+0000 (Coordinated Universal Time),,landscaping,false,https://cdn.prod.website-files.com/6a8f67a39235e3662e5721fe/6a8f67a39235e3662e57256c_luxury-landscaping-construction-contractors-florida-09.jpg,Custom landscape walkway with stone steps and greenery installed by Florida landscaping contractors.,professional-landscaping-services-in-north-south-florida,residential
Light 1,light-1,6a8f67a39235e3662e5722d0,6a8f67a39235e3662e5721ff,6a8f67a39235e3662e57282a,false,false,Sun Dec 21 2025 18:24:52 GMT+0000 (Coordinated Universal Time),Sat Dec 27 2025 02:18:40 GMT+0000 (Coordinated Universal Time),,light,false,https://cdn.prod.website-files.com/6a8f67a39235e3662e5721fe/6a8f67a39235e3662e57256e_smart-soffit-led-lighting-installation-contractors-florida-01.jpg,"Smart soffit LED lighting installed on a residential home exterior in Florida, enhancing curb appeal, energy efficiency, and smart outdoor lighting design.",smart-soffit-led-lighting-installation-in-north-south-florida,residential
Light 10,light-10,6a8f67a39235e3662e5722d0,6a8f67a39235e3662e5721ff,6a8f67a39235e3662e57282b,false,false,Sun Dec 21 2025 18:26:49 GMT+0000 (Coordinated Universal Time),Sat Dec 27 2025 02:18:39 GMT+0000 (Coordinated Universal Time),,light,false,https://cdn.prod.website-files.com/6a8f67a39235e3662e5721fe/6a8f67a39235e3662e572577_smart-soffit-led-lighting-installation-contractors-florida-10.jpg,Custom smart soffit LED lighting installation providing elegant exterior illumination and smart home integration in North and South Florida.,smart-soffit-led-lighting-installation-in-north-south-florida,residential
Light 2,light-2,6a8f67a39235e3662e5722d0,6a8f67a39235e3662e5721ff,6a8f67a39235e3662e57282c,false,false,Sun Dec 21 2025 18:25:04 GMT+0000 (Coordinated Universal Time),Sat Dec 27 2025 02:18:39 GMT+0000 (Coordinated Universal Time),,light,false,https://cdn.prod.website-files.com/6a8f67a39235e3662e5721fe/6a8f67a39235e3662e57256f_smart-soffit-led-lighting-installation-contractors-florida-02.jpg,"Close-up of smart LED soffit lighting installation under roof eaves, providing modern exterior illumination for homes in North and South Florida.",smart-soffit-led-lighting-installation-in-north-south-florida,residential
Light 3,light-3,6a8f67a39235e3662e5722d0,6a8f67a39235e3662e5721ff,6a8f67a39235e3662e57282d,false,false,Sun Dec 21 2025 18:25:16 GMT+0000 (Coordinated Universal Time),Sat Dec 27 2025 02:18:39 GMT+0000 (Coordinated Universal Time),,light,false,https://cdn.prod.website-files.com/6a8f67a39235e3662e5721fe/6a8f67a39235e3662e572570_smart-soffit-led-lighting-installation-contractors-florida-03.jpg,Luxury home with warm white smart soffit LED lighting highlighting architectural details and improving nighttime visibility in Florida residences.,smart-soffit-led-lighting-installation-in-north-south-florida,residential
Light 4,light-4,6a8f67a39235e3662e5722d0,6a8f67a39235e3662e5721ff,6a8f67a39235e3662e57282e,false,false,Sun Dec 21 2025 18:25:30 GMT+0000 (Coordinated Universal Time),Sat Dec 27 2025 02:18:41 GMT+0000 (Coordinated Universal Time),,light,false,https://cdn.prod.website-files.com/6a8f67a39235e3662e5721fe/6a8f67a39235e3662e572571_smart-soffit-led-lighting-installation-contractors-florida-04.jpg,Residential property featuring color-changing smart soffit LED lights installed by professional contractors in Florida for accent and security lighting.,smart-soffit-led-lighting-installation-in-north-south-florida,residential
Light 5,light-5,6a8f67a39235e3662e5722d0,6a8f67a39235e3662e5721ff,6a8f67a39235e3662e57282f,false,false,Sun Dec 21 2025 18:25:42 GMT+0000 (Coordinated Universal Time),Sat Dec 27 2025 02:18:41 GMT+0000 (Coordinated Universal Time),,light,false,https://cdn.prod.website-files.com/6a8f67a39235e3662e5721fe/6a8f67a39235e3662e572572_smart-soffit-led-lighting-installation-contractors-florida-05.jpg,"Exterior smart soffit LED lighting system illuminating rooflines and garage areas, ideal for custom homes in North and South Florida.",smart-soffit-led-lighting-installation-in-north-south-florida,residential
Light 6,light-6,6a8f67a39235e3662e5722d0,6a8f67a39235e3662e5721ff,6a8f67a39235e3662e572830,false,false,Sun Dec 21 2025 18:26:00 GMT+0000 (Coordinated Universal Time),Sat Dec 27 2025 02:18:40 GMT+0000 (Coordinated Universal Time),,light,false,https://cdn.prod.website-files.com/6a8f67a39235e3662e5721fe/6a8f67a39235e3662e572573_smart-soffit-led-lighting-installation-contractors-florida-06.jpg,Modern two-story home with programmable smart soffit LED lighting designed for energy-efficient exterior lighting in Florida.,smart-soffit-led-lighting-installation-in-north-south-florida,residential
Light 7,light-7,6a8f67a39235e3662e5722d0,6a8f67a39235e3662e5721ff,6a8f67a39235e3662e572831,false,false,Sun Dec 21 2025 18:26:11 GMT+0000 (Coordinated Universal Time),Sat Dec 27 2025 02:18:41 GMT+0000 (Coordinated Universal Time),,light,false,https://cdn.prod.website-files.com/6a8f67a39235e3662e5721fe/6a8f67a39235e3662e572574_smart-soffit-led-lighting-installation-contractors-florida-07.jpg,Smart soffit LED lighting installed along roof edges to enhance nighttime curb appeal and exterior safety for Florida residential properties.,smart-soffit-led-lighting-installation-in-north-south-florida,residential
Light 8,light-8,6a8f67a39235e3662e5722d0,6a8f67a39235e3662e5721ff,6a8f67a39235e3662e572832,false,false,Sun Dec 21 2025 18:26:23 GMT+0000 (Coordinated Universal Time),Sat Dec 27 2025 02:18:40 GMT+0000 (Coordinated Universal Time),,light,false,https://cdn.prod.website-files.com/6a8f67a39235e3662e5721fe/6a8f67a39235e3662e572575_smart-soffit-led-lighting-installation-contractors-florida-08.jpg,"High-end residential project featuring smart LED soffit lighting with custom color options, installed by expert lighting contractors in Florida.",smart-soffit-led-lighting-installation-in-north-south-florida,residential
Light 9,light-9,6a8f67a39235e3662e5722d0,6a8f67a39235e3662e5721ff,6a8f67a39235e3662e572833,false,false,Sun Dec 21 2025 18:26:34 GMT+0000 (Coordinated Universal Time),Sat Dec 27 2025 02:18:40 GMT+0000 (Coordinated Universal Time),,light,false,https://cdn.prod.website-files.com/6a8f67a39235e3662e5721fe/6a8f67a39235e3662e572576_smart-soffit-led-lighting-installation-contractors-florida-09.jpg,Energy-efficient smart soffit LED lighting highlighting roof architecture and entrances on a Florida home exterior.,smart-soffit-led-lighting-installation-in-north-south-florida,residential
Motorized Louvered Roof  5,motorized-louvered-roof-5,6a8f67a39235e3662e5722d0,6a8f67a39235e3662e5721ff,6a8f67a39235e3662e572834,false,false,Sun Dec 21 2025 17:51:28 GMT+0000 (Coordinated Universal Time),Sat Dec 27 2025 02:19:21 GMT+0000 (Coordinated Universal Time),,louvered,false,https://cdn.prod.website-files.com/6a8f67a39235e3662e5721fe/6a8f67a39235e3662e572541_motorized-louvered-roof-installers-florida-05.jpg,Custom patio cover with integrated LED lighting and motorized louvers for day and night outdoor comfort in Florida.,motorized-louvered-roof-systems-in-north-south-florida,residential
Motorized Louvered Roof 1,motorized-louvered-roof-1,6a8f67a39235e3662e5722d0,6a8f67a39235e3662e5721ff,6a8f67a39235e3662e572835,false,false,Sun Dec 21 2025 17:50:44 GMT+0000 (Coordinated Universal Time),Sat Dec 27 2025 02:19:21 GMT+0000 (Coordinated Universal Time),,louvered,false,https://cdn.prod.website-files.com/68f18633d5478a29ee1522e9/694833c16a9a8de4104f7f82_motorized-louvered-roof-installers-florida-01.jpg,"Motorized louvered roof installed over patio, providing adjustable shade, ventilation, and weather protection in Florida homes.",motorized-louvered-roof-systems-in-north-south-florida,residential
Motorized Louvered Roof 10,motorized-louvered-roof-10,6a8f67a39235e3662e5722d0,6a8f67a39235e3662e5721ff,6a8f67a39235e3662e572836,false,false,Sun Dec 21 2025 17:51:50 GMT+0000 (Coordinated Universal Time),Sat Dec 27 2025 02:18:39 GMT+0000 (Coordinated Universal Time),,louvered,false,https://cdn.prod.website-files.com/6a8f67a39235e3662e5721fe/6a8f67a39235e3662e572546_motorized-louvered-roof-installers-florida-10.jpg,"Large motorized louvered roof covering patio seating area, offering flexible shade and rain protection for Florida homes.",motorized-louvered-roof-systems-in-north-south-florida,residential
Motorized Louvered Roof 2,motorized-louvered-roof-2,6a8f67a39235e3662e5722d0,6a8f67a39235e3662e5721ff,6a8f67a39235e3662e572837,false,false,Sun Dec 21 2025 17:50:51 GMT+0000 (Coordinated Universal Time),Sat Dec 27 2025 02:19:21 GMT+0000 (Coordinated Universal Time),,louvered,false,https://cdn.prod.website-files.com/6a8f67a39235e3662e5721fe/6a8f67a39235e3662e57253e_motorized-louvered-roof-installers-florida-02.jpg,"White motorized louvered roof system covering outdoor dining area, designed for sun control and modern backyard living in Florida.",motorized-louvered-roof-systems-in-north-south-florida,residential
Motorized Louvered Roof 3,motorized-louvered-roof-3,6a8f67a39235e3662e5722d0,6a8f67a39235e3662e5721ff,6a8f67a39235e3662e572838,false,false,Sun Dec 21 2025 17:50:56 GMT+0000 (Coordinated Universal Time),Sat Dec 27 2025 02:19:21 GMT+0000 (Coordinated Universal Time),,louvered,false,https://cdn.prod.website-files.com/6a8f67a39235e3662e5721fe/6a8f67a39235e3662e57253f_motorized-louvered-roof-installers-florida-03.jpg,"Adjustable louvered roof panels allowing airflow and rain protection, ideal for poolside patios in South Florida.",motorized-louvered-roof-systems-in-north-south-florida,residential
Motorized Louvered Roof 4,motorized-louvered-roof-4,6a8f67a39235e3662e5722d0,6a8f67a39235e3662e5721ff,6a8f67a39235e3662e572839,false,false,Sun Dec 21 2025 17:51:01 GMT+0000 (Coordinated Universal Time),Sat Dec 27 2025 02:19:21 GMT+0000 (Coordinated Universal Time),,louvered,false,https://cdn.prod.website-files.com/6a8f67a39235e3662e5721fe/6a8f67a39235e3662e572540_motorized-louvered-roof-installers-florida-04.jpg,"Modern aluminum louvered roof attached to luxury home, offering shade, ventilation, and sleek outdoor coverage.",motorized-louvered-roof-systems-in-north-south-florida,residential
Motorized Louvered Roof 6,motorized-louvered-roof-6,6a8f67a39235e3662e5722d0,6a8f67a39235e3662e5721ff,6a8f67a39235e3662e57283a,false,false,Sun Dec 21 2025 17:51:33 GMT+0000 (Coordinated Universal Time),Sat Dec 27 2025 02:19:21 GMT+0000 (Coordinated Universal Time),,louvered,false,https://cdn.prod.website-files.com/6a8f67a39235e3662e5721fe/6a8f67a39235e3662e572542_motorized-louvered-roof-installers-florida-06.jpg,"Motorized louvered roof installed on modern property, providing adjustable sunlight control and contemporary outdoor design.",motorized-louvered-roof-systems-in-north-south-florida,residential
Motorized Louvered Roof 7,motorized-louvered-roof-7,6a8f67a39235e3662e5722d0,6a8f67a39235e3662e5721ff,6a8f67a39235e3662e57283b,false,false,Sun Dec 21 2025 17:51:37 GMT+0000 (Coordinated Universal Time),Sat Dec 27 2025 02:19:22 GMT+0000 (Coordinated Universal Time),,louvered,false,https://cdn.prod.website-files.com/6a8f67a39235e3662e5721fe/6a8f67a39235e3662e572543_motorized-louvered-roof-installers-florida-07.jpg,"Black aluminum louvered roof system covering seating area by water, designed for durability and weather resistance.",motorized-louvered-roof-systems-in-north-south-florida,residential
Motorized Louvered Roof 8,motorized-louvered-roof-8,6a8f67a39235e3662e5722d0,6a8f67a39235e3662e5721ff,6a8f67a39235e3662e57283c,false,false,Sun Dec 21 2025 17:51:42 GMT+0000 (Coordinated Universal Time),Sat Dec 27 2025 02:19:21 GMT+0000 (Coordinated Universal Time),,louvered,false,https://cdn.prod.website-files.com/6a8f67a39235e3662e5721fe/6a8f67a39235e3662e572544_motorized-louvered-roof-installers-florida-08.jpg,"Motorized pergola with adjustable louvers over pool deck, enhancing outdoor living and sun management in Florida.",motorized-louvered-roof-systems-in-north-south-florida,residential
Motorized Louvered Roof 9,motorized-louvered-roof-9,6a8f67a39235e3662e5722d0,6a8f67a39235e3662e5721ff,6a8f67a39235e3662e57283d,false,false,Sun Dec 21 2025 17:51:45 GMT+0000 (Coordinated Universal Time),Sat Dec 27 2025 02:50:55 GMT+0000 (Coordinated Universal Time),,louvered,false,https://cdn.prod.website-files.com/6a8f67a39235e3662e5721fe/6a8f67a39235e3662e572545_motorized-louvered-roof-installers-florida-09.jpg,"Louvered roof installation with modern frame and rotating panels, built for shade control and outdoor comfort.",motorized-louvered-roof-systems-in-north-south-florida,residential
Patio Screen 1,patio-screen-1,6a8f67a39235e3662e5722d0,6a8f67a39235e3662e5721ff,6a8f67a39235e3662e57283e,false,false,Sun Dec 21 2025 18:53:47 GMT+0000 (Coordinated Universal Time),Sat Dec 27 2025 02:18:40 GMT+0000 (Coordinated Universal Time),,rooms,false,https://cdn.prod.website-files.com/6a8f67a39235e3662e5721fe/6a8f67a39235e3662e572593_patio-screen-enclosure-builders-contractors-north-south-florida-01.jpg,"Custom patio screen enclosure built with durable aluminum framing, ideal for protecting outdoor living spaces in North and South Florida homes.",patio-screen-rooms-enclosures-in-north-south-florida,residential
Patio Screen 10,patio-screen-10,6a8f67a39235e3662e5722d0,6a8f67a39235e3662e5721ff,6a8f67a39235e3662e57283f,false,false,Sun Dec 21 2025 18:56:07 GMT+0000 (Coordinated Universal Time),Sat Dec 27 2025 02:18:40 GMT+0000 (Coordinated Universal Time),,rooms,false,https://cdn.prod.website-files.com/6a8f67a39235e3662e5721fe/6a8f67a39235e3662e57259c_patio-screen-enclosure-builders-contractors-north-south-florida-10.jpg,"Complete patio screen enclosure installation offering full protection, durability, and enhanced outdoor living for North and South Florida homeowners.",patio-screen-rooms-enclosures-in-north-south-florida,residential
Patio Screen 2,patio-screen-2,6a8f67a39235e3662e5722d0,6a8f67a39235e3662e5721ff,6a8f67a39235e3662e572840,false,false,Sun Dec 21 2025 18:54:14 GMT+0000 (Coordinated Universal Time),Sat Dec 27 2025 02:18:40 GMT+0000 (Coordinated Universal Time),,rooms,false,https://cdn.prod.website-files.com/6a8f67a39235e3662e5721fe/6a8f67a39235e3662e572594_patio-screen-enclosure-builders-contractors-north-south-florida-02.jpg,"Professional patio screen enclosure installation designed to improve comfort, airflow, and insect protection for Florida residential properties.",patio-screen-rooms-enclosures-in-north-south-florida,residential
Patio Screen 3,patio-screen-3,6a8f67a39235e3662e5722d0,6a8f67a39235e3662e5721ff,6a8f67a39235e3662e572841,false,false,Sun Dec 21 2025 18:54:27 GMT+0000 (Coordinated Universal Time),Sat Dec 27 2025 02:18:40 GMT+0000 (Coordinated Universal Time),,rooms,false,https://cdn.prod.website-files.com/6a8f67a39235e3662e5721fe/6a8f67a39235e3662e572595_patio-screen-enclosure-builders-contractors-north-south-florida-03.jpg,"Custom-built patio screen enclosure with pergola-style roof structure, providing shade and outdoor comfort for North and South Florida homeowners.",patio-screen-rooms-enclosures-in-north-south-florida,residential
Patio Screen 4,patio-screen-4,6a8f67a39235e3662e5722d0,6a8f67a39235e3662e5721ff,6a8f67a39235e3662e572842,false,false,Sun Dec 21 2025 18:54:37 GMT+0000 (Coordinated Universal Time),Sat Dec 27 2025 02:18:40 GMT+0000 (Coordinated Universal Time),,rooms,false,https://cdn.prod.website-files.com/6a8f67a39235e3662e5721fe/6a8f67a39235e3662e572596_patio-screen-enclosure-builders-contractors-north-south-florida-04.jpg,Durable covered patio screen enclosure designed to protect outdoor spaces from insects and weather in Florida residential homes.,patio-screen-rooms-enclosures-in-north-south-florida,residential
Patio Screen 5,patio-screen-5,6a8f67a39235e3662e5722d0,6a8f67a39235e3662e5721ff,6a8f67a39235e3662e572843,false,false,Sun Dec 21 2025 18:54:55 GMT+0000 (Coordinated Universal Time),Sat Dec 27 2025 02:18:40 GMT+0000 (Coordinated Universal Time),,rooms,false,https://cdn.prod.website-files.com/6a8f67a39235e3662e5721fe/6a8f67a39235e3662e572597_patio-screen-enclosure-builders-contractors-north-south-florida-05.jpg,"Modern patio screen enclosure featuring a sleek black aluminum frame, enhancing outdoor living areas across North and South Florida.",patio-screen-rooms-enclosures-in-north-south-florida,residential
Patio Screen 6,patio-screen-6,6a8f67a39235e3662e5722d0,6a8f67a39235e3662e5721ff,6a8f67a39235e3662e572844,false,false,Sun Dec 21 2025 18:55:10 GMT+0000 (Coordinated Universal Time),Sat Dec 27 2025 02:18:40 GMT+0000 (Coordinated Universal Time),,rooms,false,https://cdn.prod.website-files.com/6a8f67a39235e3662e5721fe/6a8f67a39235e3662e572598_patio-screen-enclosure-builders-contractors-north-south-florida-06.jpg,Side patio screen enclosure installed to expand usable outdoor space and improve privacy for Florida homeowners.,patio-screen-rooms-enclosures-in-north-south-florida,residential
Patio Screen 7,patio-screen-7,6a8f67a39235e3662e5722d0,6a8f67a39235e3662e5721ff,6a8f67a39235e3662e572845,false,false,Sun Dec 21 2025 18:55:27 GMT+0000 (Coordinated Universal Time),Sat Dec 27 2025 02:18:40 GMT+0000 (Coordinated Universal Time),,rooms,false,https://cdn.prod.website-files.com/6a8f67a39235e3662e5721fe/6a8f67a39235e3662e572599_patio-screen-enclosure-builders-contractors-north-south-florida-07.jpg,"Flat roof patio screen enclosure designed for modern Florida homes, offering a clean architectural look and outdoor protection.",patio-screen-rooms-enclosures-in-north-south-florida,residential
Patio Screen 8,patio-screen-8,6a8f67a39235e3662e5722d0,6a8f67a39235e3662e5721ff,6a8f67a39235e3662e572846,false,false,Sun Dec 21 2025 18:55:42 GMT+0000 (Coordinated Universal Time),Sat Dec 27 2025 02:18:40 GMT+0000 (Coordinated Universal Time),,rooms,false,https://cdn.prod.website-files.com/6a8f67a39235e3662e5721fe/6a8f67a39235e3662e57259a_patio-screen-enclosure-builders-contractors-north-south-florida-08.jpg,"Custom patio screen enclosure solution providing partial enclosure for enhanced airflow, shade, and insect control in Florida.",patio-screen-rooms-enclosures-in-north-south-florida,residential
Patio Screen 9,patio-screen-9,6a8f67a39235e3662e5722d0,6a8f67a39235e3662e5721ff,6a8f67a39235e3662e572847,false,false,Sun Dec 21 2025 18:55:53 GMT+0000 (Coordinated Universal Time),Sat Dec 27 2025 02:18:40 GMT+0000 (Coordinated Universal Time),,rooms,false,https://cdn.prod.website-files.com/6a8f67a39235e3662e5721fe/6a8f67a39235e3662e57259b_patio-screen-enclosure-builders-contractors-north-south-florida-09.jpg,"Patio screen enclosure built adjacent to a pool area, creating a protected and comfortable outdoor environment for Florida homes.",patio-screen-rooms-enclosures-in-north-south-florida,residential
Pergolas 1,pergolas-1,6a8f67a39235e3662e5722d0,6a8f67a39235e3662e5721ff,6a8f67a39235e3662e572848,false,false,Sun Dec 21 2025 17:43:56 GMT+0000 (Coordinated Universal Time),Sat Dec 27 2025 02:19:21 GMT+0000 (Coordinated Universal Time),,pergolas,false,https://cdn.prod.website-files.com/68f18633d5478a29ee1522e9/694832360f4750fbeeee95d3_custom-pergola-patio-cover-builders-florida-01.jpg,"Custom aluminum patio cover installation by Florida pergola builders, providing shaded outdoor living space with modern structure.",custom-aluminum-pergola-builders-in-north-south-florida,residential
Pergolas 10,pergolas-10,6a8f67a39235e3662e5722d0,6a8f67a39235e3662e5721ff,6a8f67a39235e3662e572849,false,false,Sun Dec 21 2025 17:44:38 GMT+0000 (Coordinated Universal Time),Sat Dec 27 2025 02:19:21 GMT+0000 (Coordinated Universal Time),,pergolas,false,https://cdn.prod.website-files.com/6a8f67a39235e3662e5721fe/6a8f67a39235e3662e57253d_custom-pergola-patio-cover-builders-florida-10.jpg,"White aluminum modern insulated pergola installation with bar seating by Florida builders, creating functional and stylish outdoor living.",custom-aluminum-pergola-builders-in-north-south-florida,residential
Pergolas 2,pergolas-2,6a8f67a39235e3662e5722d0,6a8f67a39235e3662e5721ff,6a8f67a39235e3662e57284a,false,false,Sun Dec 21 2025 17:44:01 GMT+0000 (Coordinated Universal Time),Sat Dec 27 2025 02:19:21 GMT+0000 (Coordinated Universal Time),,pergolas,false,https://cdn.prod.website-files.com/6a8f67a39235e3662e5721fe/6a8f67a39235e3662e572535_custom-pergola-patio-cover-builders-florida-02.jpg,"Modern aluminum pergola installed beside pool by Florida contractors, featuring clean lines and durable outdoor construction.",custom-aluminum-pergola-builders-in-north-south-florida,residential
Pergolas 3,pergolas-3,6a8f67a39235e3662e5722d0,6a8f67a39235e3662e5721ff,6a8f67a39235e3662e57284b,false,false,Sun Dec 21 2025 17:44:06 GMT+0000 (Coordinated Universal Time),Sat Dec 27 2025 02:19:21 GMT+0000 (Coordinated Universal Time),,pergolas,false,https://cdn.prod.website-files.com/6a8f67a39235e3662e5721fe/6a8f67a39235e3662e572536_custom-pergola-patio-cover-builders-florida-03.jpg,"Backyard pergola and patio cover installation in Florida home, designed by professional outdoor living builders.",custom-aluminum-pergola-builders-in-north-south-florida,residential
Pergolas 4,pergolas-4,6a8f67a39235e3662e5722d0,6a8f67a39235e3662e5721ff,6a8f67a39235e3662e57284c,false,false,Sun Dec 21 2025 17:44:10 GMT+0000 (Coordinated Universal Time),Sat Dec 27 2025 02:19:21 GMT+0000 (Coordinated Universal Time),,pergolas,false,https://cdn.prod.website-files.com/6a8f67a39235e3662e5721fe/6a8f67a39235e3662e572537_custom-pergola-patio-cover-builders-florida-04.jpg,"Custom wood pavilion construction by Florida pergola contractors, showcasing exposed beams and premium craftsmanship.",custom-aluminum-pergola-builders-in-north-south-florida,residential
Pergolas 5,pergolas-5,6a8f67a39235e3662e5722d0,6a8f67a39235e3662e5721ff,6a8f67a39235e3662e57284d,false,false,Sun Dec 21 2025 17:44:14 GMT+0000 (Coordinated Universal Time),Sat Dec 27 2025 02:19:21 GMT+0000 (Coordinated Universal Time),,pergolas,false,https://cdn.prod.website-files.com/6a8f67a39235e3662e5721fe/6a8f67a39235e3662e572538_custom-pergola-patio-cover-builders-florida-05.jpg,"Timber pavilion installation with outdoor kitchen by Florida builders, combining pergola structure and entertainment space.",custom-aluminum-pergola-builders-in-north-south-florida,residential
Pergolas 6,pergolas-6,6a8f67a39235e3662e5722d0,6a8f67a39235e3662e5721ff,6a8f67a39235e3662e57284e,false,false,Sun Dec 21 2025 17:44:18 GMT+0000 (Coordinated Universal Time),Sat Dec 27 2025 02:19:21 GMT+0000 (Coordinated Universal Time),,pergolas,false,https://cdn.prod.website-files.com/6a8f67a39235e3662e5721fe/6a8f67a39235e3662e572539_custom-pergola-patio-cover-builders-florida-06.jpg,"Aluminum pergola installation over pool area by Florida contractors, providing shade and modern outdoor design.",custom-aluminum-pergola-builders-in-north-south-florida,residential
Pergolas 7,pergolas-7,6a8f67a39235e3662e5722d0,6a8f67a39235e3662e5721ff,6a8f67a39235e3662e57284f,false,false,Sun Dec 21 2025 17:44:24 GMT+0000 (Coordinated Universal Time),Sat Dec 27 2025 02:19:21 GMT+0000 (Coordinated Universal Time),,pergolas,false,https://cdn.prod.website-files.com/6a8f67a39235e3662e5721fe/6a8f67a39235e3662e57253a_custom-pergola-patio-cover-builders-florida-07.jpg,"Contemporary pergola construction for residential patio in Florida, built by licensed outdoor living contractors.",custom-aluminum-pergola-builders-in-north-south-florida,residential
Pergolas 8,pergolas-8,6a8f67a39235e3662e5722d0,6a8f67a39235e3662e5721ff,6a8f67a39235e3662e572850,false,false,Sun Dec 21 2025 17:44:28 GMT+0000 (Coordinated Universal Time),Sat Dec 27 2025 02:19:21 GMT+0000 (Coordinated Universal Time),,pergolas,false,https://cdn.prod.website-files.com/6a8f67a39235e3662e5721fe/6a8f67a39235e3662e57253b_custom-pergola-patio-cover-builders-florida-08.jpg,"Poolside pergola installation in Florida backyard, designed by expert pergola builders for shade and comfort.",custom-aluminum-pergola-builders-in-north-south-florida,residential
Pergolas 9,pergolas-9,6a8f67a39235e3662e5722d0,6a8f67a39235e3662e5721ff,6a8f67a39235e3662e572851,false,false,Sun Dec 21 2025 17:44:32 GMT+0000 (Coordinated Universal Time),Sat Dec 27 2025 02:19:21 GMT+0000 (Coordinated Universal Time),,pergolas,false,https://cdn.prod.website-files.com/6a8f67a39235e3662e5721fe/6a8f67a39235e3662e57253c_custom-pergola-patio-cover-builders-florida-09.jpg,"Custom pergola installation over backyard deck by Florida contractors, blending landscape design and outdoor structure.",custom-aluminum-pergola-builders-in-north-south-florida,residential
Pole Barn 1,pole-barn-1,6a8f67a39235e3662e5722d0,6a8f67a39235e3662e5721ff,6a8f67a39235e3662e572852,false,false,Sun Dec 21 2025 18:29:28 GMT+0000 (Coordinated Universal Time),Sat Dec 27 2025 02:18:41 GMT+0000 (Coordinated Universal Time),,pole,false,https://cdn.prod.website-files.com/6a8f67a39235e3662e5721fe/6a8f67a39235e3662e572578_pole-barn-steel-building-contractors-florida-01.jpg,"Custom pole barn construction with steel roof and concrete slab, built by licensed contractors in North & South Florida.",steel-building-pole-barn-construction-in-north-south-florida,residential
Pole Barn 10,pole-barn-10,6a8f67a39235e3662e5722d0,6a8f67a39235e3662e5721ff,6a8f67a39235e3662e572853,false,false,Sun Dec 21 2025 18:31:37 GMT+0000 (Coordinated Universal Time),Sat Dec 27 2025 02:18:41 GMT+0000 (Coordinated Universal Time),,pole,false,https://cdn.prod.website-files.com/6a8f67a39235e3662e5721fe/6a8f67a39235e3662e572580_pole-barn-steel-building-contractors-florida-10.jpg,"Wood and steel pole barn structure under construction, designed and installed by expert Florida building contractors.",steel-building-pole-barn-construction-in-north-south-florida,residential
Pole Barn 3,pole-barn-3,6a8f67a39235e3662e5722d0,6a8f67a39235e3662e5721ff,6a8f67a39235e3662e572854,false,false,Sun Dec 21 2025 18:29:50 GMT+0000 (Coordinated Universal Time),Sat Dec 27 2025 02:18:41 GMT+0000 (Coordinated Universal Time),,pole,false,https://cdn.prod.website-files.com/6a8f67a39235e3662e5721fe/6a8f67a39235e3662e572579_pole-barn-steel-building-contractors-florida-03.jpg,"Large open-span pole barn with steel roofing, designed for storage, workshops, and commercial use across North & South Florida.",steel-building-pole-barn-construction-in-north-south-florida,residential
Pole Barn 4,pole-barn-4,6a8f67a39235e3662e5722d0,6a8f67a39235e3662e5721ff,6a8f67a39235e3662e572855,false,false,Sun Dec 21 2025 18:30:13 GMT+0000 (Coordinated Universal Time),Sat Dec 27 2025 02:18:41 GMT+0000 (Coordinated Universal Time),,pole,false,https://cdn.prod.website-files.com/6a8f67a39235e3662e5721fe/6a8f67a39235e3662e57257a_pole-barn-steel-building-contractors-florida-04.jpg,"Covered pole barn with steel roof and treated wood posts, providing durable outdoor storage solutions in Florida.",steel-building-pole-barn-construction-in-north-south-florida,residential
Pole Barn 5,pole-barn-5,6a8f67a39235e3662e5722d0,6a8f67a39235e3662e5721ff,6a8f67a39235e3662e572856,false,false,Sun Dec 21 2025 18:30:23 GMT+0000 (Coordinated Universal Time),Sat Dec 27 2025 02:18:41 GMT+0000 (Coordinated Universal Time),,pole,false,https://cdn.prod.website-files.com/6a8f67a39235e3662e5721fe/6a8f67a39235e3662e57257b_pole-barn-steel-building-contractors-florida-05.jpg,"Custom pole barn construction over concrete slab, engineered for long-term durability by Florida building contractors.",steel-building-pole-barn-construction-in-north-south-florida,residential
Pole Barn 6,pole-barn-6,6a8f67a39235e3662e5722d0,6a8f67a39235e3662e5721ff,6a8f67a39235e3662e572857,false,false,Sun Dec 21 2025 18:30:42 GMT+0000 (Coordinated Universal Time),Sat Dec 27 2025 02:18:40 GMT+0000 (Coordinated Universal Time),,pole,false,https://cdn.prod.website-files.com/6a8f67a39235e3662e5721fe/6a8f67a39235e3662e57257c_pole-barn-steel-building-contractors-florida-06.jpg,"Steel pole barn installation with high-clearance design, perfect for equipment, vehicles, and commercial operations in Florida.",steel-building-pole-barn-construction-in-north-south-florida,residential
Pole Barn 7,pole-barn-7,6a8f67a39235e3662e5722d0,6a8f67a39235e3662e5721ff,6a8f67a39235e3662e572858,false,false,Sun Dec 21 2025 18:30:55 GMT+0000 (Coordinated Universal Time),Sat Dec 27 2025 02:18:40 GMT+0000 (Coordinated Universal Time),,pole,false,https://cdn.prod.website-files.com/6a8f67a39235e3662e5721fe/6a8f67a39235e3662e57257d_pole-barn-steel-building-contractors-florida-07.jpg,"Extended pole barn with steel panels and wood framing, built for agricultural and residential properties in North Florida.",steel-building-pole-barn-construction-in-north-south-florida,residential
Pole Barn 8,pole-barn-8,6a8f67a39235e3662e5722d0,6a8f67a39235e3662e5721ff,6a8f67a39235e3662e572859,false,false,Sun Dec 21 2025 18:31:03 GMT+0000 (Coordinated Universal Time),Sat Dec 27 2025 02:18:41 GMT+0000 (Coordinated Universal Time),,pole,false,https://cdn.prod.website-files.com/6a8f67a39235e3662e5721fe/6a8f67a39235e3662e57257e_pole-barn-steel-building-contractors-florida-08.jpg,"Custom-built steel pole barn with open sides, offering versatile coverage solutions across South Florida properties.",steel-building-pole-barn-construction-in-north-south-florida,residential
Pole Barn 9,pole-barn-9,6a8f67a39235e3662e5722d0,6a8f67a39235e3662e5721ff,6a8f67a39235e3662e57285a,false,false,Sun Dec 21 2025 18:31:23 GMT+0000 (Coordinated Universal Time),Sat Dec 27 2025 02:18:40 GMT+0000 (Coordinated Universal Time),,pole,false,https://cdn.prod.website-files.com/6a8f67a39235e3662e5721fe/6a8f67a39235e3662e57257f_pole-barn-steel-building-contractors-florida-09.jpg,"Aerial view of metal roof pole barn construction, showcasing professional steel building installation in Florida.",steel-building-pole-barn-construction-in-north-south-florida,residential
Pool Construction 1,pool-construction-1,6a8f67a39235e3662e5722d0,6a8f67a39235e3662e5721ff,6a8f67a39235e3662e57285b,false,false,Sat Dec 20 2025 22:00:48 GMT+0000 (Coordinated Universal Time),Sat Dec 27 2025 02:19:21 GMT+0000 (Coordinated Universal Time),,construction,false,https://cdn.prod.website-files.com/6a8f67a39235e3662e5721fe/6a8f67a39235e3662e5724bd__custom-pool-spa-builders-florida-01.jpg,"Luxury custom pool and spa construction featuring modern design, premium pavers, and outdoor living spaces built by expert pool builders in Florida.",custom-pool-spa-builders-in-north-south-florida,residential
Pool Construction 10,pool-construction-10,6a8f67a39235e3662e5722d0,6a8f67a39235e3662e5721ff,6a8f67a39235e3662e57285c,false,false,Sun Dec 21 2025 17:34:35 GMT+0000 (Coordinated Universal Time),Sat Dec 27 2025 02:19:21 GMT+0000 (Coordinated Universal Time),,construction,false,https://cdn.prod.website-files.com/6a8f67a39235e3662e5721fe/6a8f67a39235e3662e57252b__custom-pool-spa-builders-florida-10.jpg,"Modern residential pool with raised spa built by professional pool builders in North & South Florida, featuring clean lines, premium tile, and expert installation.",custom-pool-spa-builders-in-north-south-florida,residential
Pool Construction 2,pool-construction-2,6a8f67a39235e3662e5722d0,6a8f67a39235e3662e5721ff,6a8f67a39235e3662e57285d,false,false,Sat Dec 20 2025 22:01:11 GMT+0000 (Coordinated Universal Time),Sat Dec 27 2025 02:19:21 GMT+0000 (Coordinated Universal Time),,construction,false,https://cdn.prod.website-files.com/68f18633d5478a29ee1522e9/69471c9d7f5690871a4bba90__custom-pool-spa-builders-florida-02.jpg,"Aerial view of a custom-built luxury pool with integrated spa, showcasing precision pool construction by licensed Florida pool contractors.",custom-pool-spa-builders-in-north-south-florida,residential
Pool Construction 3,pool-construction-3,6a8f67a39235e3662e5722d0,6a8f67a39235e3662e5721ff,6a8f67a39235e3662e57285e,false,false,Sat Dec 20 2025 22:01:28 GMT+0000 (Coordinated Universal Time),Sat Dec 27 2025 02:19:21 GMT+0000 (Coordinated Universal Time),,construction,false,https://cdn.prod.website-files.com/68f18633d5478a29ee1522e9/69471cb1f36ce8dce4b4efea__custom-pool-spa-builders-florida-03.jpg,"Elegant residential pool and spa design with premium finishes and tropical landscaping, crafted by custom pool builders in South Florida.",custom-pool-spa-builders-in-north-south-florida,residential
Pool Construction 4,pool-construction-4,6a8f67a39235e3662e5722d0,6a8f67a39235e3662e5721ff,6a8f67a39235e3662e57285f,false,false,Sat Dec 20 2025 22:01:57 GMT+0000 (Coordinated Universal Time),Sat Dec 27 2025 02:19:21 GMT+0000 (Coordinated Universal Time),,construction,false,https://cdn.prod.website-files.com/6a8f67a39235e3662e5721fe/6a8f67a39235e3662e5724be__custom-pool-spa-builders-florida-04.jpg,"Modern pool renovation with raised spa and clean architectural lines, designed and installed by professional pool builders in Florida.",custom-pool-spa-builders-in-north-south-florida,residential
Pool Construction 5,pool-construction-5,6a8f67a39235e3662e5722d0,6a8f67a39235e3662e5721ff,6a8f67a39235e3662e572860,false,false,Sat Dec 20 2025 22:02:29 GMT+0000 (Coordinated Universal Time),Sat Dec 27 2025 02:19:21 GMT+0000 (Coordinated Universal Time),,construction,false,https://cdn.prod.website-files.com/6a8f67a39235e3662e5721fe/6a8f67a39235e3662e5724bf__custom-pool-spa-builders-florida-05.jpg,"Luxury outdoor pool featuring waterfall spa and covered patio area, built by experienced custom pool and outdoor living contractors in Florida.",custom-pool-spa-builders-in-north-south-florida,residential
Pool Construction 6,pool-construction-6,6a8f67a39235e3662e5722d0,6a8f67a39235e3662e5721ff,6a8f67a39235e3662e572861,false,false,Sat Dec 20 2025 22:03:26 GMT+0000 (Coordinated Universal Time),Sat Dec 27 2025 02:19:21 GMT+0000 (Coordinated Universal Time),,construction,false,https://cdn.prod.website-files.com/6a8f67a39235e3662e5721fe/6a8f67a39235e3662e5724c0__custom-pool-spa-builders-florida-06.jpg,"High-end swimming pool with integrated spa and palm-lined views, showcasing expert pool construction services across North and South Florida.",custom-pool-spa-builders-in-north-south-florida,residential
Pool Construction 7,pool-construction-7,6a8f67a39235e3662e5722d0,6a8f67a39235e3662e5721ff,6a8f67a39235e3662e572862,false,false,Sun Dec 21 2025 17:33:17 GMT+0000 (Coordinated Universal Time),Sat Dec 27 2025 02:19:21 GMT+0000 (Coordinated Universal Time),,construction,false,https://cdn.prod.website-files.com/6a8f67a39235e3662e5721fe/6a8f67a39235e3662e572528__custom-pool-spa-builders-florida-07.jpg,"Custom pool and spa construction with integrated pergola by experienced builders in North & South Florida, designed for upscale outdoor living.",custom-pool-spa-builders-in-north-south-florida,residential
Pool Construction 8,pool-construction-8,6a8f67a39235e3662e5722d0,6a8f67a39235e3662e5721ff,6a8f67a39235e3662e572863,false,false,Sun Dec 21 2025 17:33:45 GMT+0000 (Coordinated Universal Time),Sat Dec 27 2025 02:19:21 GMT+0000 (Coordinated Universal Time),,construction,false,https://cdn.prod.website-files.com/6a8f67a39235e3662e5721fe/6a8f67a39235e3662e572529__custom-pool-spa-builders-florida-08.jpg,"High-end pool installation by professional contractors in North & South Florida, featuring lake-view setting, modern finishes, and precise construction.",custom-pool-spa-builders-in-north-south-florida,residential
Pool Construction 9,pool-construction-9,6a8f67a39235e3662e5722d0,6a8f67a39235e3662e5721ff,6a8f67a39235e3662e572864,false,false,Sun Dec 21 2025 17:34:03 GMT+0000 (Coordinated Universal Time),Sat Dec 27 2025 02:19:21 GMT+0000 (Coordinated Universal Time),,construction,false,https://cdn.prod.website-files.com/6a8f67a39235e3662e5721fe/6a8f67a39235e3662e57252a__custom-pool-spa-builders-florida-09.jpg,"Luxury backyard pool and spa installation by licensed contractors in North & South Florida, showcasing expansive deck space and resort-style design.",custom-pool-spa-builders-in-north-south-florida,residential
Pool Remodeling 1,pool-remodeling-1,6a8f67a39235e3662e5722d0,6a8f67a39235e3662e5721ff,6a8f67a39235e3662e572865,false,false,Sun Dec 21 2025 17:37:43 GMT+0000 (Coordinated Universal Time),Sat Dec 27 2025 02:19:21 GMT+0000 (Coordinated Universal Time),,remodeling,false,https://cdn.prod.website-files.com/68f18633d5478a29ee1522e9/69483054f7e722bdab27c2d2_custom-pool-remodeling-contractors-florida-01.jpg,"Custom pool and spa construction with integrated pergola by experienced builders in North & South Florida, designed for upscale outdoor living.",pool-remodeling-renovation-in-north-south-florida,residential
Pool Remodeling 10,pool-remodeling-10,6a8f67a39235e3662e5722d0,6a8f67a39235e3662e5721ff,6a8f67a39235e3662e572866,false,false,Sun Dec 21 2025 17:38:46 GMT+0000 (Coordinated Universal Time),Sat Dec 27 2025 02:19:21 GMT+0000 (Coordinated Universal Time),,remodeling,false,https://cdn.prod.website-files.com/6a8f67a39235e3662e5721fe/6a8f67a39235e3662e572534_custom-pool-remodeling-contractors-florida-10.jpg,"Custom inground pool installation with pergola and safety fencing, built by licensed Florida pool builders.",pool-remodeling-renovation-in-north-south-florida,residential
Pool Remodeling 2,pool-remodeling-2,6a8f67a39235e3662e5722d0,6a8f67a39235e3662e5721ff,6a8f67a39235e3662e572867,false,false,Sun Dec 21 2025 17:37:50 GMT+0000 (Coordinated Universal Time),Sat Dec 27 2025 02:19:21 GMT+0000 (Coordinated Universal Time),,remodeling,false,https://cdn.prod.website-files.com/6a8f67a39235e3662e5721fe/6a8f67a39235e3662e57252c_custom-pool-remodeling-contractors-florida-02.jpg,"Luxury backyard pool and spa installation in South Florida featuring custom tile, palm landscaping and clean architectural lines.",pool-remodeling-renovation-in-north-south-florida,residential
Pool Remodeling 3,pool-remodeling-3,6a8f67a39235e3662e5722d0,6a8f67a39235e3662e5721ff,6a8f67a39235e3662e572868,false,false,Sun Dec 21 2025 17:37:57 GMT+0000 (Coordinated Universal Time),Sat Dec 27 2025 02:19:21 GMT+0000 (Coordinated Universal Time),,remodeling,false,https://cdn.prod.website-files.com/6a8f67a39235e3662e5721fe/6a8f67a39235e3662e57252d_custom-pool-remodeling-contractors-florida-03.jpg,"Luxury backyard pool and spa installation in South Florida featuring custom tile, palm landscaping and clean architectural lines.",pool-remodeling-renovation-in-north-south-florida,residential
Pool Remodeling 4,pool-remodeling-4,6a8f67a39235e3662e5722d0,6a8f67a39235e3662e5721ff,6a8f67a39235e3662e572869,false,false,Sun Dec 21 2025 17:38:02 GMT+0000 (Coordinated Universal Time),Sat Dec 27 2025 02:19:21 GMT+0000 (Coordinated Universal Time),,remodeling,false,https://cdn.prod.website-files.com/6a8f67a39235e3662e5721fe/6a8f67a39235e3662e57252e_custom-pool-remodeling-contractors-florida-04.jpg,"Large custom pool and spa design with expansive deck and seating areas, built by expert pool builders in North Florida.",pool-remodeling-renovation-in-north-south-florida,residential
Pool Remodeling 5,pool-remodeling-5,6a8f67a39235e3662e5722d0,6a8f67a39235e3662e5721ff,6a8f67a39235e3662e57286a,false,false,Sun Dec 21 2025 17:38:07 GMT+0000 (Coordinated Universal Time),Sat Dec 27 2025 02:19:21 GMT+0000 (Coordinated Universal Time),,remodeling,false,https://cdn.prod.website-files.com/6a8f67a39235e3662e5721fe/6a8f67a39235e3662e57252f_custom-pool-remodeling-contractors-florida-05.jpg,"Contemporary pool installation with raised spa and outdoor lounge space, designed for luxury Florida backyard living.",pool-remodeling-renovation-in-north-south-florida,residential
Pool Remodeling 6,pool-remodeling-6,6a8f67a39235e3662e5722d0,6a8f67a39235e3662e5721ff,6a8f67a39235e3662e57286b,false,false,Sun Dec 21 2025 17:38:11 GMT+0000 (Coordinated Universal Time),Sat Dec 27 2025 02:19:21 GMT+0000 (Coordinated Universal Time),,remodeling,false,https://cdn.prod.website-files.com/6a8f67a39235e3662e5721fe/6a8f67a39235e3662e572530_custom-pool-remodeling-contractors-florida-06.jpg,"High-end residential pool with covered patio and outdoor kitchen, installed by professional pool contractors in Florida.",pool-remodeling-renovation-in-north-south-florida,residential
Pool Remodeling 7,pool-remodeling-7,6a8f67a39235e3662e5722d0,6a8f67a39235e3662e5721ff,6a8f67a39235e3662e57286c,false,false,Sun Dec 21 2025 17:38:15 GMT+0000 (Coordinated Universal Time),Sat Dec 27 2025 02:19:21 GMT+0000 (Coordinated Universal Time),,remodeling,false,https://cdn.prod.website-files.com/6a8f67a39235e3662e5721fe/6a8f67a39235e3662e572531_custom-pool-remodeling-contractors-florida-07.jpg,"Resort-style pool with tanning ledges and water features, showcasing custom pool construction in South Florida.",pool-remodeling-renovation-in-north-south-florida,residential
Pool Remodeling 8,pool-remodeling-8,6a8f67a39235e3662e5722d0,6a8f67a39235e3662e5721ff,6a8f67a39235e3662e57286d,false,false,Sun Dec 21 2025 17:38:21 GMT+0000 (Coordinated Universal Time),Sat Dec 27 2025 02:19:22 GMT+0000 (Coordinated Universal Time),,remodeling,false,https://cdn.prod.website-files.com/6a8f67a39235e3662e5721fe/6a8f67a39235e3662e572532_custom-pool-remodeling-contractors-florida-08.jpg,"Modern pool renovation with clean lines, integrated spa and minimalist deck, completed by Florida pool remodeling experts.",pool-remodeling-renovation-in-north-south-florida,residential
Pool Remodeling 9,pool-remodeling-9,6a8f67a39235e3662e5722d0,6a8f67a39235e3662e5721ff,6a8f67a39235e3662e57286e,false,false,Sun Dec 21 2025 17:38:41 GMT+0000 (Coordinated Universal Time),Sat Dec 27 2025 02:19:21 GMT+0000 (Coordinated Universal Time),,remodeling,false,https://cdn.prod.website-files.com/6a8f67a39235e3662e5721fe/6a8f67a39235e3662e572533_custom-pool-remodeling-contractors-florida-09.jpg,"Custom inground pool installation with pergola and safety fencing, built by licensed Florida pool builders.",pool-remodeling-renovation-in-north-south-florida,residential
Pool Screen  6,pool-screen-6,6a8f67a39235e3662e5722d0,6a8f67a39235e3662e5721ff,6a8f67a39235e3662e57286f,false,false,Sun Dec 21 2025 18:35:54 GMT+0000 (Coordinated Universal Time),Sat Dec 27 2025 02:18:40 GMT+0000 (Coordinated Universal Time),,enclosures,false,https://cdn.prod.website-files.com/6a8f67a39235e3662e5721fe/6a8f67a39235e3662e572584_pool-screen-enclosure-builders-florida-06.jpg,"Pool screen enclosure with covered living space and ceiling fans, built by professional builders in North Florida.",pool-screen-enclosures-for-north-south-florida-pools,residential
Pool Screen 1,pool-screen-1,6a8f67a39235e3662e5722d0,6a8f67a39235e3662e5721ff,6a8f67a39235e3662e572870,false,false,Sun Dec 21 2025 18:34:02 GMT+0000 (Coordinated Universal Time),Sat Dec 27 2025 02:18:41 GMT+0000 (Coordinated Universal Time),,enclosures,false,https://cdn.prod.website-files.com/68f18633d5478a29ee1522e9/69483da6b0d1021cd54cb1c5_pool-screen-enclosure-builders-florida-01.jpg,Luxury pool screen enclosure with covered patio built by professional pool enclosure contractors in North and South Florida.,pool-screen-enclosures-for-north-south-florida-pools,residential
Pool Screen 10,pool-screen-10,6a8f67a39235e3662e5722d0,6a8f67a39235e3662e5721ff,6a8f67a39235e3662e572871,false,false,Sun Dec 21 2025 18:36:37 GMT+0000 (Coordinated Universal Time),Sat Dec 27 2025 02:18:40 GMT+0000 (Coordinated Universal Time),,enclosures,false,https://cdn.prod.website-files.com/6a8f67a39235e3662e5721fe/6a8f67a39235e3662e572588_pool-screen-enclosure-builders-florida-10.jpg,Luxury pool and spa screen enclosure with premium finishes built by Florida pool enclosure construction experts.,pool-screen-enclosures-for-north-south-florida-pools,residential
Pool Screen 2,pool-screen-2,6a8f67a39235e3662e5722d0,6a8f67a39235e3662e5721ff,6a8f67a39235e3662e572872,false,false,Sun Dec 21 2025 18:34:30 GMT+0000 (Coordinated Universal Time),Sat Dec 27 2025 02:18:41 GMT+0000 (Coordinated Universal Time),,enclosures,false,https://cdn.prod.website-files.com/68f18633d5478a29ee1522e9/69483db06c1c5a70b5a6d806_pool-screen-enclosure-builders-florida-02.jpg,Custom pool screen enclosure with outdoor kitchen and seating installed by licensed Florida pool enclosure builders.,pool-screen-enclosures-for-north-south-florida-pools,residential
Pool Screen 3,pool-screen-3,6a8f67a39235e3662e5722d0,6a8f67a39235e3662e5721ff,6a8f67a39235e3662e572873,false,false,Sun Dec 21 2025 18:35:14 GMT+0000 (Coordinated Universal Time),Sat Dec 27 2025 02:18:40 GMT+0000 (Coordinated Universal Time),,enclosures,false,https://cdn.prod.website-files.com/6a8f67a39235e3662e5721fe/6a8f67a39235e3662e572581_pool-screen-enclosure-builders-florida-03.jpg,"Modern pool screen enclosure overlooking lake views, designed and installed by pool enclosure contractors in Florida.",pool-screen-enclosures-for-north-south-florida-pools,residential
Pool Screen 4,pool-screen-4,6a8f67a39235e3662e5722d0,6a8f67a39235e3662e5721ff,6a8f67a39235e3662e572874,false,false,Sun Dec 21 2025 18:35:25 GMT+0000 (Coordinated Universal Time),Sat Dec 27 2025 02:18:41 GMT+0000 (Coordinated Universal Time),,enclosures,false,https://cdn.prod.website-files.com/6a8f67a39235e3662e5721fe/6a8f67a39235e3662e572582_pool-screen-enclosure-builders-florida-04.jpg,High-end pool cage enclosure with spa and lounge area built by experienced pool screen installers in Florida.,pool-screen-enclosures-for-north-south-florida-pools,residential
Pool Screen 5,pool-screen-5,6a8f67a39235e3662e5722d0,6a8f67a39235e3662e5721ff,6a8f67a39235e3662e572875,false,false,Sun Dec 21 2025 18:35:41 GMT+0000 (Coordinated Universal Time),Sat Dec 27 2025 02:18:39 GMT+0000 (Coordinated Universal Time),,enclosures,false,https://cdn.prod.website-files.com/6a8f67a39235e3662e5721fe/6a8f67a39235e3662e572583_pool-screen-enclosure-builders-florida-05.jpg,"White aluminum pool screen enclosure protecting pool and patio, installed by Florida pool enclosure contractors.",pool-screen-enclosures-for-north-south-florida-pools,residential
Pool Screen 7,pool-screen-7,6a8f67a39235e3662e5722d0,6a8f67a39235e3662e5721ff,6a8f67a39235e3662e572876,false,false,Sun Dec 21 2025 18:36:04 GMT+0000 (Coordinated Universal Time),Sat Dec 27 2025 02:18:40 GMT+0000 (Coordinated Universal Time),,enclosures,false,https://cdn.prod.website-files.com/6a8f67a39235e3662e5721fe/6a8f67a39235e3662e572585_pool-screen-enclosure-builders-florida-07.jpg,Lakefront pool screen enclosure designed for airflow and views by licensed pool enclosure builders in Florida.,pool-screen-enclosures-for-north-south-florida-pools,residential
Pool Screen 8,pool-screen-8,6a8f67a39235e3662e5722d0,6a8f67a39235e3662e5721ff,6a8f67a39235e3662e572877,false,false,Sun Dec 21 2025 18:36:15 GMT+0000 (Coordinated Universal Time),Sat Dec 27 2025 02:18:40 GMT+0000 (Coordinated Universal Time),,enclosures,false,https://cdn.prod.website-files.com/6a8f67a39235e3662e5721fe/6a8f67a39235e3662e572586_pool-screen-enclosure-builders-florida-08.jpg,Custom pool enclosure with curved pool design and patio installed by expert pool screen contractors in Florida.,pool-screen-enclosures-for-north-south-florida-pools,residential
Pool Screen 9,pool-screen-9,6a8f67a39235e3662e5722d0,6a8f67a39235e3662e5721ff,6a8f67a39235e3662e572878,false,false,Sun Dec 21 2025 18:36:25 GMT+0000 (Coordinated Universal Time),Sat Dec 27 2025 02:18:40 GMT+0000 (Coordinated Universal Time),,enclosures,false,https://cdn.prod.website-files.com/6a8f67a39235e3662e5721fe/6a8f67a39235e3662e572587_pool-screen-enclosure-builders-florida-09.jpg,Spacious pool screen enclosure with lounge seating built by trusted pool enclosure installers in South Florida.,pool-screen-enclosures-for-north-south-florida-pools,residential
Retractable Screen 1,retractable-screen-1,6a8f67a39235e3662e5722d0,6a8f67a39235e3662e5721ff,6a8f67a39235e3662e572879,false,false,Sun Dec 21 2025 18:39:35 GMT+0000 (Coordinated Universal Time),Sat Dec 27 2025 02:18:41 GMT+0000 (Coordinated Universal Time),,screens,false,https://cdn.prod.website-files.com/6a8f67a39235e3662e5721fe/6a8f67a39235e3662e572589_retractable-screen-installation-contractors-florida-1.jpg,"Modern residential patio featuring a motorized retractable screen system designed to protect outdoor living areas from insects, sun, and weather. Ideal solution for pool patios in South Florida homes.",motorized-retractable-screens-in-north-south-florida,residential
Retractable Screen 10,retractable-screen-10,6a8f67a39235e3662e5722d0,6a8f67a39235e3662e5721ff,6a8f67a39235e3662e57287a,false,false,Sun Dec 21 2025 18:49:46 GMT+0000 (Coordinated Universal Time),Sat Dec 27 2025 02:18:40 GMT+0000 (Coordinated Universal Time),,screens,false,https://cdn.prod.website-files.com/6a8f67a39235e3662e5721fe/6a8f67a39235e3662e572592_retractable-screen-installation-contractors-florida-10.jpg,"Custom motorized retractable screen system enclosing an outdoor kitchen and dining space, designed to enhance comfort, privacy, and year-round outdoor living in Florida residential properties.",motorized-retractable-screens-in-north-south-florida,residential
Retractable Screen 2,retractable-screen-2,6a8f67a39235e3662e5722d0,6a8f67a39235e3662e5721ff,6a8f67a39235e3662e57287b,false,false,Sun Dec 21 2025 18:39:45 GMT+0000 (Coordinated Universal Time),Sat Dec 27 2025 02:18:39 GMT+0000 (Coordinated Universal Time),,screens,false,https://cdn.prod.website-files.com/6a8f67a39235e3662e5721fe/6a8f67a39235e3662e57258a_retractable-screen-installation-contractors-florida-2.jpg,"High-quality motorized retractable screens installed on a residential lanai, providing shade, privacy, and insect protection for outdoor living spaces in Florida.",motorized-retractable-screens-in-north-south-florida,residential
Retractable Screen 3,retractable-screen-3,6a8f67a39235e3662e5722d0,6a8f67a39235e3662e5721ff,6a8f67a39235e3662e57287c,false,false,Sun Dec 21 2025 18:39:56 GMT+0000 (Coordinated Universal Time),Sat Dec 27 2025 02:18:40 GMT+0000 (Coordinated Universal Time),,screens,false,https://cdn.prod.website-files.com/6a8f67a39235e3662e5721fe/6a8f67a39235e3662e57258b_retractable-screen-installation-contractors-florida-3.jpg,"Contemporary pergola with integrated motorized retractable screens, enhancing comfort and usability of outdoor spaces in South Florida residential properties.",motorized-retractable-screens-in-north-south-florida,residential
Retractable Screen 4,retractable-screen-4,6a8f67a39235e3662e5722d0,6a8f67a39235e3662e5721ff,6a8f67a39235e3662e57287d,false,false,Sun Dec 21 2025 18:40:10 GMT+0000 (Coordinated Universal Time),Sat Dec 27 2025 02:18:41 GMT+0000 (Coordinated Universal Time),,screens,false,https://cdn.prod.website-files.com/6a8f67a39235e3662e5721fe/6a8f67a39235e3662e57258c_retractable-screen-installation-contractors-florida-4.jpg,"Exterior motorized retractable screen system designed for sun control, privacy, and weather protection on patios and outdoor kitchens in Florida homes.",motorized-retractable-screens-in-north-south-florida,residential
Retractable Screen 5,retractable-screen-5,6a8f67a39235e3662e5722d0,6a8f67a39235e3662e5721ff,6a8f67a39235e3662e57287e,false,false,Sun Dec 21 2025 18:40:24 GMT+0000 (Coordinated Universal Time),Sat Dec 27 2025 02:19:46 GMT+0000 (Coordinated Universal Time),,screens,false,https://cdn.prod.website-files.com/6a8f67a39235e3662e5721fe/6a8f67a39235e3662e57258d_retractable-screen-installation-contractors-florida-5.jpg,"Custom motorized retractable screens installed on a backyard patio, creating a comfortable outdoor environment for families in South Florida.",motorized-retractable-screens-in-north-south-florida,residential
Retractable Screen 6,retractable-screen-6,6a8f67a39235e3662e5722d0,6a8f67a39235e3662e5721ff,6a8f67a39235e3662e57287f,false,false,Sun Dec 21 2025 18:40:39 GMT+0000 (Coordinated Universal Time),Sat Dec 27 2025 02:18:41 GMT+0000 (Coordinated Universal Time),,screens,false,https://cdn.prod.website-files.com/6a8f67a39235e3662e5721fe/6a8f67a39235e3662e57258e_retractable-screen-installation-contractors-florida-6.jpg,"Motorized screen enclosure protecting an outdoor kitchen and dining area, ideal for Florida homeowners looking to extend outdoor living year-round.",motorized-retractable-screens-in-north-south-florida,residential
Retractable Screen 7,retractable-screen-7,6a8f67a39235e3662e5722d0,6a8f67a39235e3662e5721ff,6a8f67a39235e3662e572880,false,false,Sun Dec 21 2025 18:40:54 GMT+0000 (Coordinated Universal Time),Sat Dec 27 2025 02:18:40 GMT+0000 (Coordinated Universal Time),,screens,false,https://cdn.prod.website-files.com/6a8f67a39235e3662e5721fe/6a8f67a39235e3662e57258f_retractable-screen-installation-contractors-florida-7.jpg,"Professionally installed motorized patio screen system providing insect protection, shade, and enhanced comfort for South Florida outdoor living spaces.",motorized-retractable-screens-in-north-south-florida,residential
Retractable Screen 8,retractable-screen-8,6a8f67a39235e3662e5722d0,6a8f67a39235e3662e5721ff,6a8f67a39235e3662e572881,false,false,Sun Dec 21 2025 18:49:23 GMT+0000 (Coordinated Universal Time),Sat Dec 27 2025 02:18:41 GMT+0000 (Coordinated Universal Time),,screens,false,https://cdn.prod.website-files.com/6a8f67a39235e3662e5721fe/6a8f67a39235e3662e572590_retractable-screen-installation-contractors-florida-8.jpg,High-end pergola system with motorized retractable screens designed for luxury outdoor living in modern Florida homes.,motorized-retractable-screens-in-north-south-florida,residential
Retractable Screen 9,retractable-screen-9,6a8f67a39235e3662e5722d0,6a8f67a39235e3662e5721ff,6a8f67a39235e3662e572882,false,false,Sun Dec 21 2025 18:49:36 GMT+0000 (Coordinated Universal Time),Sat Dec 27 2025 02:18:40 GMT+0000 (Coordinated Universal Time),,screens,false,https://cdn.prod.website-files.com/6a8f67a39235e3662e5721fe/6a8f67a39235e3662e572591_retractable-screen-installation-contractors-florida-09.jpg,"Modern outdoor living space featuring a louvered roof pergola with integrated motorized retractable screens, providing shade, insect protection, and weather control for South Florida homes.",motorized-retractable-screens-in-north-south-florida,residential
commercial 1,commercial-1,6a8f67a39235e3662e5722d0,6a8f67a39235e3662e5721ff,6a8f67a39235e3662e572883,false,false,Tue Jan 06 2026 00:01:59 GMT+0000 (Coordinated Universal Time),Wed Jan 21 2026 17:32:52 GMT+0000 (Coordinated Universal Time),,commercial,false,https://cdn.prod.website-files.com/6a8f67a39235e3662e5721fe/6a8f67a39235e3662e572650_build-to-rent-community-pool-builders-florida.avif,"Luxury commercial outdoor living design in Florida featuring a resort-style pool, realistic architecture, balanced layout, and premium materials.",custom-pool-spa-builders-in-north-south-florida,commercial
commercial 10,commercial-10,6a8f67a39235e3662e5722d0,6a8f67a39235e3662e5721ff,6a8f67a39235e3662e572884,false,false,Wed Jan 14 2026 21:01:58 GMT+0000 (Coordinated Universal Time),Wed Jan 21 2026 17:32:52 GMT+0000 (Coordinated Universal Time),,commercial,false,https://cdn.prod.website-files.com/6a8f67a39235e3662e5721fe/6a8f67a39235e3662e57264b_senior-living-pool-construction-florida.avif,"Florida commercial pool design showcasing professional outdoor living architecture, coherent space distribution, tropical landscaping, and modern finishes.",custom-pool-spa-builders-in-north-south-florida,commercial
commercial 2,commercial-2,6a8f67a39235e3662e5722d0,6a8f67a39235e3662e5721ff,6a8f67a39235e3662e572885,false,false,Tue Jan 06 2026 00:02:30 GMT+0000 (Coordinated Universal Time),Wed Jan 21 2026 17:32:52 GMT+0000 (Coordinated Universal Time),,commercial,false,https://cdn.prod.website-files.com/6a8f67a39235e3662e5721fe/6a8f67a39235e3662e57264c_commercial-lap-pools-fitness-centers-florida.avif,"Florida commercial pool design showcasing professional outdoor living architecture, coherent space distribution, tropical landscaping, and modern finishes.",custom-pool-spa-builders-in-north-south-florida,commercial
commercial 3,commercial-3,6a8f67a39235e3662e5722d0,6a8f67a39235e3662e5721ff,6a8f67a39235e3662e572886,false,false,Wed Jan 14 2026 20:22:55 GMT+0000 (Coordinated Universal Time),Wed Jan 21 2026 17:32:52 GMT+0000 (Coordinated Universal Time),,commercial,false,https://cdn.prod.website-files.com/6a8f67a39235e3662e5721fe/6a8f67a39235e3662e57264e_commercial-pool-developers-new-construction-florida.avif,"Florida commercial pool design showcasing professional outdoor living architecture, coherent space distribution, tropical landscaping, and modern finishes.",custom-pool-spa-builders-in-north-south-florida,commercial
commercial 4,commercial-4,6a8f67a39235e3662e5722d0,6a8f67a39235e3662e5721ff,6a8f67a39235e3662e572887,false,false,Wed Jan 14 2026 20:23:05 GMT+0000 (Coordinated Universal Time),Wed Jan 21 2026 17:32:52 GMT+0000 (Coordinated Universal Time),,commercial,false,https://cdn.prod.website-files.com/6a8f67a39235e3662e5721fe/6a8f67a39235e3662e57264a_country-club-pool-design-build-florida.avif,"Florida commercial pool design showcasing professional outdoor living architecture, coherent space distribution, tropical landscaping, and modern finishes.",custom-pool-spa-builders-in-north-south-florida,commercial
commercial 5,commercial-5,6a8f67a39235e3662e5722d0,6a8f67a39235e3662e5721ff,6a8f67a39235e3662e572888,false,false,Wed Jan 14 2026 20:23:17 GMT+0000 (Coordinated Universal Time),Wed Jan 21 2026 17:32:52 GMT+0000 (Coordinated Universal Time),,commercial,false,https://cdn.prod.website-files.com/6a8f67a39235e3662e5721fe/6a8f67a39235e3662e572649_hoa-community-pool-renovation-florida.avif,"Florida commercial pool design showcasing professional outdoor living architecture, coherent space distribution, tropical landscaping, and modern finishes.",custom-pool-spa-builders-in-north-south-florida,commercial
commercial 6,commercial-6,6a8f67a39235e3662e5722d0,6a8f67a39235e3662e5721ff,6a8f67a39235e3662e572889,false,false,Wed Jan 14 2026 20:24:39 GMT+0000 (Coordinated Universal Time),Wed Jan 21 2026 17:32:52 GMT+0000 (Coordinated Universal Time),,commercial,false,https://cdn.prod.website-files.com/6a8f67a39235e3662e5721fe/6a8f67a39235e3662e572648_hotel-resort-pool-contractors-florida.avif,"Florida commercial pool design showcasing professional outdoor living architecture, coherent space distribution, tropical landscaping, and modern finishes.",custom-pool-spa-builders-in-north-south-florida,commercial
commercial 7,commercial-7,6a8f67a39235e3662e5722d0,6a8f67a39235e3662e5721ff,6a8f67a39235e3662e57288a,false,false,Wed Jan 14 2026 20:24:52 GMT+0000 (Coordinated Universal Time),Wed Jan 21 2026 17:32:52 GMT+0000 (Coordinated Universal Time),,commercial,false,https://cdn.prod.website-files.com/6a8f67a39235e3662e5721fe/6a8f67a39235e3662e57264d_medical-hydrotherapy-pool-construction-florida.avif,"Florida commercial pool design showcasing professional outdoor living architecture, coherent space distribution, tropical landscaping, and modern finishes.",custom-pool-spa-builders-in-north-south-florida,commercial
commercial 8,commercial-8,6a8f67a39235e3662e5722d0,6a8f67a39235e3662e5721ff,6a8f67a39235e3662e57288b,false,false,Wed Jan 14 2026 20:25:15 GMT+0000 (Coordinated Universal Time),Wed Jan 21 2026 17:32:52 GMT+0000 (Coordinated Universal Time),,commercial,false,https://cdn.prod.website-files.com/6a8f67a39235e3662e5721fe/6a8f67a39235e3662e572647_multifamily-pool-construction-renovation-florida.avif,"Florida commercial pool design showcasing professional outdoor living architecture, coherent space distribution, tropical landscaping, and modern finishes.",custom-pool-spa-builders-in-north-south-florida,commercial
commercial 9,commercial-9,6a8f67a39235e3662e5722d0,6a8f67a39235e3662e5721ff,6a8f67a39235e3662e57288c,false,false,Wed Jan 14 2026 21:01:48 GMT+0000 (Coordinated Universal Time),Wed Jan 21 2026 17:32:52 GMT+0000 (Coordinated Universal Time),,commercial,false,https://cdn.prod.website-files.com/6a8f67a39235e3662e5721fe/6a8f67a39235e3662e57264f_school-university-aquatic-facilities-florida.avif,"Florida commercial pool design showcasing professional outdoor living architecture, coherent space distribution, tropical landscaping, and modern finishes.",custom-pool-spa-builders-in-north-south-florida,commercial
