Name,Slug,Collection ID,Locale ID,Item ID,Archived,Draft,Created On,Updated On,Published On,Image,Metadata SEO Image,Short Description
Build-to-Rent Communities,commercial-pool-construction-for-build-to-rent-communities-in-florida,6a8f67a39235e3662e57227d,6a8f67a39235e3662e5721ff,6a8f67a39235e3662e5727b1,false,false,Sat Dec 27 2025 21:19:49 GMT+0000 (Coordinated Universal Time),Sun Dec 28 2025 19:43:50 GMT+0000 (Coordinated Universal Time),,https://cdn.prod.website-files.com/6a8f67a39235e3662e5721fe/6a8f67a39235e3662e572650_build-to-rent-community-pool-builders-florida.avif,Build-to-rent community commercial pool construction in Florida designed to increase rental demand and property value.,Resort-style pools that drive faster lease-up and premium rents.
Country Clubs,luxury-commercial-pool-construction-for-country-clubs-in-florida,6a8f67a39235e3662e57227d,6a8f67a39235e3662e5721ff,6a8f67a39235e3662e5727b2,false,false,Sat Dec 27 2025 21:17:30 GMT+0000 (Coordinated Universal Time),Sun Dec 28 2025 19:43:22 GMT+0000 (Coordinated Universal Time),,https://cdn.prod.website-files.com/6a8f67a39235e3662e5721fe/6a8f67a39235e3662e57264a_country-club-pool-design-build-florida.avif,Luxury country club commercial pool construction in Florida designed to elevate member experience and club prestige.,Exclusive pools that elevate club prestige and justify premium memberships.
Fitness & Wellness Centers,commercial-pool-construction-for-fitness-wellness-centers-in-florida,6a8f67a39235e3662e57227d,6a8f67a39235e3662e5721ff,6a8f67a39235e3662e5727b3,false,false,Sat Dec 27 2025 21:18:21 GMT+0000 (Coordinated Universal Time),Sun Dec 28 2025 19:43:30 GMT+0000 (Coordinated Universal Time),,https://cdn.prod.website-files.com/6a8f67a39235e3662e5721fe/6a8f67a39235e3662e57264c_commercial-lap-pools-fitness-centers-florida.avif,Commercial pool construction for fitness and wellness centers in Florida designed to attract high-value memberships.,Pools that attract premium memberships and improve retention.
HOA & Gated Communities,commercial-pool-remodeling-for-hoa-gated-communities-in-florida,6a8f67a39235e3662e57227d,6a8f67a39235e3662e5721ff,6a8f67a39235e3662e5727b4,false,false,Sat Dec 27 2025 21:17:06 GMT+0000 (Coordinated Universal Time),Sun Dec 28 2025 19:43:19 GMT+0000 (Coordinated Universal Time),,https://cdn.prod.website-files.com/6a8f67a39235e3662e5721fe/6a8f67a39235e3662e572649_hoa-community-pool-renovation-florida.avif,"HOA community commercial pool remodeling in Florida focused on modern design, safety, and increased neighborhood property values.",Community pool upgrades that increase property values and homeowner satisfaction.
Hotels,commercial-pool-construction-remodeling-for-hotels-in-florida,6a8f67a39235e3662e57227d,6a8f67a39235e3662e5721ff,6a8f67a39235e3662e5727b5,false,false,Sat Dec 27 2025 20:55:05 GMT+0000 (Coordinated Universal Time),Sun Dec 28 2025 19:43:11 GMT+0000 (Coordinated Universal Time),,https://cdn.prod.website-files.com/6a8f67a39235e3662e5721fe/6a8f67a39235e3662e572648_hotel-resort-pool-contractors-florida.avif,High-end hotel commercial pool construction in Florida designed to enhance guest experience and maximize hospitality revenue.,High-end commercial pools that elevate guest experience and increase on-site revenue.
Luxury Apartments,commercial-pool-construction-for-luxury-apartments-in-florida,6a8f67a39235e3662e57227d,6a8f67a39235e3662e5721ff,6a8f67a39235e3662e5727b6,false,false,Sat Dec 27 2025 20:54:45 GMT+0000 (Coordinated Universal Time),Sun Dec 28 2025 19:43:07 GMT+0000 (Coordinated Universal Time),,https://cdn.prod.website-files.com/6a8f67a39235e3662e5721fe/6a8f67a39235e3662e572647_multifamily-pool-construction-renovation-florida.avif,Luxury apartment community commercial pool construction in Florida featuring a modern resort-style pool designed to increase tenant retention and property value.,High-end commercial pools that elevate guest experience and increase on-site revenue.
Medical & Rehab Centers,commercial-pool-construction-for-medical-rehab-centers-in-florida,6a8f67a39235e3662e57227d,6a8f67a39235e3662e5721ff,6a8f67a39235e3662e5727b7,false,false,Sat Dec 27 2025 21:18:49 GMT+0000 (Coordinated Universal Time),Sun Dec 28 2025 19:43:33 GMT+0000 (Coordinated Universal Time),,https://cdn.prod.website-files.com/6a8f67a39235e3662e5721fe/6a8f67a39235e3662e57264d_medical-hydrotherapy-pool-construction-florida.avif,"Medical and rehabilitation commercial pool construction in Florida designed for therapy, recovery, and patient care environments.",Therapy-focused pools that enhance patient outcomes and brand perception.
Real Estate Developers,commercial-pool-construction-for-real-estate-developers-in-florida,6a8f67a39235e3662e57227d,6a8f67a39235e3662e5721ff,6a8f67a39235e3662e5727b8,false,false,Sat Dec 27 2025 21:19:17 GMT+0000 (Coordinated Universal Time),Sun Dec 28 2025 19:43:37 GMT+0000 (Coordinated Universal Time),,https://cdn.prod.website-files.com/6a8f67a39235e3662e5721fe/6a8f67a39235e3662e57264e_commercial-pool-developers-new-construction-florida.avif,Commercial pool construction for real estate developments in Florida designed to increase project appeal and lease-up speed.,Turnkey pool solutions that increase project marketability and absorption speed.
Schools & Campuses,commercial-pool-construction-for-schools-campuses-in-florida,6a8f67a39235e3662e57227d,6a8f67a39235e3662e5721ff,6a8f67a39235e3662e5727b9,false,false,Sat Dec 27 2025 21:19:32 GMT+0000 (Coordinated Universal Time),Sun Dec 28 2025 19:43:41 GMT+0000 (Coordinated Universal Time),,https://cdn.prod.website-files.com/6a8f67a39235e3662e5721fe/6a8f67a39235e3662e57264f_school-university-aquatic-facilities-florida.avif,Commercial pool construction for schools and private campuses in Florida designed for athletics and long-term facility use.,Durable pools built for athletic programs and long-term institutional use.
Senior Living Communities,commercial-pool-construction-for-senior-living-communities-in-florida,6a8f67a39235e3662e57227d,6a8f67a39235e3662e5721ff,6a8f67a39235e3662e5727ba,false,false,Sat Dec 27 2025 21:18:03 GMT+0000 (Coordinated Universal Time),Sun Dec 28 2025 19:43:26 GMT+0000 (Coordinated Universal Time),,https://cdn.prod.website-files.com/6a8f67a39235e3662e5721fe/6a8f67a39235e3662e57264b_senior-living-pool-construction-florida.avif,"Commercial pool construction for senior living communities in Florida focused on safety, accessibility, and resident wellbeing.","Safe, accessible pools that increase occupancy and family trust."
