Name,Slug,Collection ID,Locale ID,Item ID,Archived,Draft,Created On,Updated On,Published On,Step Image,Metadata Step Image,Service-Reference,Process-Title,Process-Description,Step-Number,Display-Order,Status
Automated Irrigation - Irrigation Assessment & System Design,irrigation-step-1,6a8f67a39235e3662e5723e6,6a8f67a39235e3662e5721ff,6a8f67a39235e3662e57294b,false,false,Wed Apr 29 2026 20:06:30 GMT+0000 (Coordinated Universal Time),Mon May 18 2026 13:55:35 GMT+0000 (Coordinated Universal Time),,https://cdn.prod.website-files.com/6a8f67a39235e3662e5721fe/6a8f67a39235e3662e5726d2_69f38c24611fd9bc6771bdf7_irrigation-step-1.png,"Our irrigation contractors engineer a precision smart irrigation system customized to your Florida property layout, plant types, and soil conditions for maximum water efficiency.",smart-irrigation-system-installation-in-north-south-florida,Irrigation Assessment & System Design,"<p>Complete property analysis for irrigation needs including plant water requirements, soil type, sun exposure, and existing water features. Irrigreen smart system design with evapotranspiration sensors.</p>",1,1,Published
Automated Irrigation - Smart System Configuration & Zoning,irrigation-step-2,6a8f67a39235e3662e5723e6,6a8f67a39235e3662e5721ff,6a8f67a39235e3662e57294c,false,false,Wed Apr 29 2026 20:06:30 GMT+0000 (Coordinated Universal Time),Mon May 18 2026 13:55:35 GMT+0000 (Coordinated Universal Time),,https://cdn.prod.website-files.com/6a8f67a39235e3662e5721fe/6a8f67a39235e3662e5726d1_69f38c050906f8927ae47b1b_irrigation-step-2.png,"Irrigation zones are mapped, trenching is planned, and head placement is strategically designed to ensure uniform coverage across your entire Florida landscape with minimal disruption.",smart-irrigation-system-installation-in-north-south-florida,Smart System Configuration & Zoning,"<p>Design of irrigation zones optimized for plant types and soil conditions. Irrigreen app integration for remote monitoring, scheduling flexibility, and water conservation optimization.</p>",2,2,Published
Automated Irrigation - Installation & Permit Compliance,irrigation-step-3,6a8f67a39235e3662e5723e6,6a8f67a39235e3662e5721ff,6a8f67a39235e3662e57294d,false,false,Wed Apr 29 2026 20:06:30 GMT+0000 (Coordinated Universal Time),Mon May 18 2026 13:55:35 GMT+0000 (Coordinated Universal Time),,https://cdn.prod.website-files.com/6a8f67a39235e3662e5721fe/6a8f67a39235e3662e5726d0_69f38bf835a28ae663808bd5_irrigation-step-3.png,"Licensed contractors install your complete smart irrigation system including underground piping, spray heads, rotor heads, drip emitters, and control wiring to Florida codes.",smart-irrigation-system-installation-in-north-south-florida,Installation & Permit Compliance,"<p>Installation of main lines, zone valves, controller installation, and Irrigreen sensor placement. Verification of water service adequacy and any required utility permits.</p>",3,3,Published
Automated Irrigation - System Activation & Smart Integration,irrigation-step-4,6a8f67a39235e3662e5723e6,6a8f67a39235e3662e5721ff,6a8f67a39235e3662e57294e,false,false,Wed Apr 29 2026 20:06:30 GMT+0000 (Coordinated Universal Time),Mon May 18 2026 13:55:35 GMT+0000 (Coordinated Universal Time),,https://cdn.prod.website-files.com/6a8f67a39235e3662e5721fe/6a8f67a39235e3662e5726cf_69f38be1fe1bd007cf5228d1_irrigation-step-4.png,"Your smart irrigation controller is programmed with custom zone schedules, run times, and weather-based sensors — delivering intelligent, water-saving performance for your Florida property.",smart-irrigation-system-installation-in-north-south-florida,System Activation & Smart Integration,"<p>Commissioning of all zones with flow testing and pressure verification. Integration with smart home systems, user training on app functionality, and optimization for seasonal adjustments.</p>",4,4,Published
Custom Decks - Site Preparation & Permits,custom-decks-step-3,6a8f67a39235e3662e5723e6,6a8f67a39235e3662e5721ff,6a8f67a39235e3662e57294f,false,false,Wed Apr 29 2026 20:06:31 GMT+0000 (Coordinated Universal Time),Mon May 18 2026 13:55:04 GMT+0000 (Coordinated Universal Time),,https://cdn.prod.website-files.com/6a8f67a39235e3662e5721fe/6a8f67a39235e3662e5726cc_69f38baa1374bfafcbc34fd5_custom-decks-step-3.png,"A stable, compacted base is leveled using professional-grade sand and compaction materials. Your travertine, paver, or concrete deck is installed with precision for lasting durability.",custom-deck-builders-in-north-south-florida,Site Preparation & Permits,"<p>Verification of permits for deck expansion, utility line marking, site grading, and compacted base preparation. Confirmation of drainage compliance per Florida Building Code.</p>",3,3,Published
Custom Decks - Deck Design & Layout Planning,custom-decks-step-2,6a8f67a39235e3662e5723e6,6a8f67a39235e3662e5721ff,6a8f67a39235e3662e572950,false,false,Wed Apr 29 2026 20:06:31 GMT+0000 (Coordinated Universal Time),Mon May 18 2026 13:55:04 GMT+0000 (Coordinated Universal Time),,https://cdn.prod.website-files.com/6a8f67a39235e3662e5721fe/6a8f67a39235e3662e5726cd_69f38bbf95fc281b2cdfc8e5_custom-decks-step-2.png,"Existing surfaces are removed, the area is excavated and graded for drainage, and all premium pavers, travertine, or concrete decking materials are ordered for timely delivery.",custom-deck-builders-in-north-south-florida,Deck Design & Layout Planning,"<p>Design of custom deck layout showing material placement patterns, color selections, slope optimization for drainage, and integration with pool/landscape features. 3D renderings provided.</p>",2,2,Published
Custom Decks - Material Selection & Site Assessment,custom-decks-step-1,6a8f67a39235e3662e5723e6,6a8f67a39235e3662e5721ff,6a8f67a39235e3662e572951,false,false,Wed Apr 29 2026 20:06:31 GMT+0000 (Coordinated Universal Time),Mon May 18 2026 13:55:04 GMT+0000 (Coordinated Universal Time),,https://cdn.prod.website-files.com/6a8f67a39235e3662e5721fe/6a8f67a39235e3662e5726ce_69f38bd38a0b3d2bb309aa8a_custom-decks-step-1.png,"Our deck builders finalize project specifications, prepare all required documentation, and submit permits for approval — every Florida deck project engineered and permitted to code.",custom-deck-builders-in-north-south-florida,Material Selection & Site Assessment,"<p>Comprehensive consultation on decking material options (premium pavers, natural stone, colored concrete, artificial turf) including durability, maintenance, aesthetic appeal, and cost. Site assessment for slope and drainage requirements.</p>",1,1,Published
Custom Decks - Installation & Finishing,custom-decks-step-4,6a8f67a39235e3662e5723e6,6a8f67a39235e3662e5721ff,6a8f67a39235e3662e572952,false,false,Wed Apr 29 2026 20:06:31 GMT+0000 (Coordinated Universal Time),Mon May 18 2026 13:55:04 GMT+0000 (Coordinated Universal Time),,https://cdn.prod.website-files.com/6a8f67a39235e3662e5721fe/6a8f67a39235e3662e5726cb_69f38b96280147b98e99ef25_custom-decks-step-4.png,"A detailed final walkthrough confirms every surface is perfectly set, edges are clean, and drainage is correct. Your new custom deck in Florida is complete and ready to enjoy.",custom-deck-builders-in-north-south-florida,Installation & Finishing,"<p>Professional installation of selected decking material with proper compaction, alignment, sealing (where applicable), and grouting. Final inspection and customer training on maintenance.</p>",4,4,Published
Landscaping - Landscape Consultation & Site Analysis,landscaping-step-1,6a8f67a39235e3662e5723e6,6a8f67a39235e3662e5721ff,6a8f67a39235e3662e572953,false,false,Wed Apr 29 2026 20:06:46 GMT+0000 (Coordinated Universal Time),Mon May 18 2026 13:55:35 GMT+0000 (Coordinated Universal Time),,https://cdn.prod.website-files.com/6a8f67a39235e3662e5721fe/6a8f67a39235e3662e5726ca_69f38b87bc093d858fe59534_landscaping-step-1.png,"Our Florida landscaping team collaborates with you to develop a comprehensive design plan — finalizing plant selections, measurements, and project timelines before work begins.",professional-landscaping-services-in-north-south-florida,Landscape Consultation & Site Analysis,"<p>Comprehensive landscape assessment including soil conditions, sunlight exposure, salt-air resilience (South FL), plant selections, and hardscape integration. Climate-appropriate plant recommendations.</p>",1,1,Published
Landscaping - Installation & Establishment,landscaping-step-4,6a8f67a39235e3662e5723e6,6a8f67a39235e3662e5721ff,6a8f67a39235e3662e572954,false,false,Wed Apr 29 2026 20:06:46 GMT+0000 (Coordinated Universal Time),Mon May 18 2026 13:55:35 GMT+0000 (Coordinated Universal Time),,https://cdn.prod.website-files.com/6a8f67a39235e3662e5721fe/6a8f67a39235e3662e5726e8_69f4cc463e4d7f4a560e4462_landscaping-step-4-v2.png,"A thorough walkthrough verifies plant placement, mulch application, and site cleanliness. Your new Florida landscape is fully inspected and ready to enhance your property value.",professional-landscaping-services-in-north-south-florida,Installation & Establishment,"<p>Full landscape installation including soil preparation, plant installation, hardscape placement, irrigation system installation, and initial maintenance (mulching, staking). Establishment care plan provided.</p>",4,4,Published
Landscaping - Materials & Irrigation Planning,landscaping-step-3,6a8f67a39235e3662e5723e6,6a8f67a39235e3662e5721ff,6a8f67a39235e3662e572955,false,false,Wed Apr 29 2026 20:06:46 GMT+0000 (Coordinated Universal Time),Mon May 18 2026 13:55:35 GMT+0000 (Coordinated Universal Time),,https://cdn.prod.website-files.com/6a8f67a39235e3662e5721fe/6a8f67a39235e3662e5726d9_69f398be37f88560db13e633_landscaping-step-3.png,"Native trees, plants, and groundcovers are installed per your design. Soil amendments, mulch, rock, and finishing materials are applied for a vibrant, structured Florida landscape.",professional-landscaping-services-in-north-south-florida,Materials & Irrigation Planning,"<p>Specification of plant materials, mulches, soil amendments, and custom hardscape elements. Irrigation system design optimized for plant health and water conservation.</p>",3,3,Published
Landscaping - Landscape Design & Visualization,landscaping-step-2,6a8f67a39235e3662e5723e6,6a8f67a39235e3662e5721ff,6a8f67a39235e3662e572956,false,false,Wed Apr 29 2026 20:06:46 GMT+0000 (Coordinated Universal Time),Mon May 18 2026 13:55:35 GMT+0000 (Coordinated Universal Time),,https://cdn.prod.website-files.com/6a8f67a39235e3662e5721fe/6a8f67a39235e3662e5726c9_69f38b72040335ee462a62fc_landscaping-step-2.png,"Existing vegetation and debris are cleared, the area is graded for proper drainage, and all plants and landscape materials are ordered and scheduled for your project delivery date.",professional-landscaping-services-in-north-south-florida,Landscape Design & Visualization,"<p>Complete landscape design showing plant placement, seasonal color progression, irrigation integration, and hardscape features (planters, pathways, focal points). 3D renderings of mature landscape.</p>",2,2,Published
Outdoor Furniture - Delivery Scheduling,outdoor-furniture-step-3,6a8f67a39235e3662e5723e6,6a8f67a39235e3662e5721ff,6a8f67a39235e3662e572957,false,false,Wed Apr 29 2026 20:06:47 GMT+0000 (Coordinated Universal Time),Fri May 01 2026 15:44:03 GMT+0000 (Coordinated Universal Time),,https://cdn.prod.website-files.com/6a8f67a39235e3662e5721fe/6a8f67a39235e3662e5726c6_69f38b106506fd24e0d38913_outdoor-furniture-step-3.png,Furniture delivery is coordinated to align with your project completion. Our team professionally places and arranges every piece — so your Florida outdoor space looks perfect from day one.,premium-outdoor-furniture-for-north-south-florida-homes,Delivery Scheduling,"<p>Coordinate and schedule delivery to align with project completion and site readiness. Furniture is delivered, placed, and arranged in the designated areas.</p>",3,3,Published
Outdoor Furniture - Final Touches & Enjoyment,outdoor-furniture-step-4,6a8f67a39235e3662e5723e6,6a8f67a39235e3662e5721ff,6a8f67a39235e3662e572958,false,false,Wed Apr 29 2026 20:06:47 GMT+0000 (Coordinated Universal Time),Fri May 01 2026 15:44:03 GMT+0000 (Coordinated Universal Time),,https://cdn.prod.website-files.com/6a8f67a39235e3662e5721fe/6a8f67a39235e3662e5726c5_69f38b011710c8ed4d68259a_outdoor-furniture-step-4.png,"Final positioning and adjustments ensure optimal comfort, flow, and aesthetic balance. Your outdoor living space in Florida is fully complete and ready for relaxing and entertaining.",premium-outdoor-furniture-for-north-south-florida-homes,Final Touches & Enjoyment,<p>Final adjustments completed and space is ready for use and enjoyment.</p>,4,4,Published
Outdoor Furniture - Order Placement,outdoor-furniture-step-2,6a8f67a39235e3662e5723e6,6a8f67a39235e3662e5721ff,6a8f67a39235e3662e572959,false,false,Wed Apr 29 2026 20:06:47 GMT+0000 (Coordinated Universal Time),Fri May 01 2026 15:44:03 GMT+0000 (Coordinated Universal Time),,https://cdn.prod.website-files.com/6a8f67a39235e3662e5721fe/6a8f67a39235e3662e5726c7_69f38b24fe1bd007cf51acb1_outdoor-furniture-step-2.png,Your outdoor furniture order is placed and confirmed directly with the supplier. Lead times and delivery specs are locked in to keep your Florida outdoor living project on schedule.,premium-outdoor-furniture-for-north-south-florida-homes,Order Placement,"<p>Furniture is ordered and confirmed with supplier, including lead times and specifications.</p>",2,2,Published
Outdoor Furniture - Planning & Selection,outdoor-furniture-step-1,6a8f67a39235e3662e5723e6,6a8f67a39235e3662e5721ff,6a8f67a39235e3662e57295a,false,false,Wed Apr 29 2026 20:06:47 GMT+0000 (Coordinated Universal Time),Fri May 01 2026 15:44:03 GMT+0000 (Coordinated Universal Time),,https://cdn.prod.website-files.com/6a8f67a39235e3662e5721fe/6a8f67a39235e3662e5726c8_69f38b32a9e906dd95761a51_outdoor-furniture-step-1.png,"Your outdoor furniture project begins with expert consultation to select premium, weather-resistant furniture engineered for Florida's heat, UV exposure, and coastal conditions.",premium-outdoor-furniture-for-north-south-florida-homes,Planning & Selection,"<p>Contract execution, project documentation, and selection of outdoor furniture to match the design and client preferences.</p>",1,1,Published
Outdoor Kitchen - Utility Routing & Building Permits,outdoor-kitchen-step-3,6a8f67a39235e3662e5723e6,6a8f67a39235e3662e5721ff,6a8f67a39235e3662e57295b,false,false,Wed Apr 29 2026 20:05:42 GMT+0000 (Coordinated Universal Time),Mon May 18 2026 13:55:04 GMT+0000 (Coordinated Universal Time),,https://cdn.prod.website-files.com/6a8f67a39235e3662e5721fe/6a8f67a39235e3662e5726dc_69f3995581585b320aa3b5ce_outdoor-kitchen-step-3.png,"Expert framing, stucco texture, premium countertops, professional-grade appliances, and all components installed — your custom Florida outdoor kitchen built for year-round use.",custom-outdoor-kitchens-for-north-south-florida-homes,Utility Routing & Building Permits,"<p>Engineering for gas line routing, electrical distribution, plumbing integration, and structural foundation work. Permit acquisition for utility modifications and outdoor structure installation.</p>",3,3,Published
Outdoor Kitchen - Functionality & Equipment Assessment,outdoor-kitchen-step-1,6a8f67a39235e3662e5723e6,6a8f67a39235e3662e5721ff,6a8f67a39235e3662e57295c,false,false,Wed Apr 29 2026 20:05:42 GMT+0000 (Coordinated Universal Time),Mon May 18 2026 13:55:04 GMT+0000 (Coordinated Universal Time),,https://cdn.prod.website-files.com/6a8f67a39235e3662e5721fe/6a8f67a39235e3662e5726de_69f4c21a6db9292847708ab8_outdoor-kitchen-step-1.png,"Your outdoor kitchen project begins with expert design documentation, structural engineering, and full permit submission managed by our licensed Florida outdoor kitchen contractors.",custom-outdoor-kitchens-for-north-south-florida-homes,Functionality & Equipment Assessment,"<p>Consultation on cooking equipment selection (grills, ovens, cooktops), food prep surfaces, storage needs, and utility integration (gas, electrical, plumbing). We review multi-brand dealer options.</p>",1,1,Published
Outdoor Kitchen - Equipment Installation & System Testing,outdoor-kitchen-step-4,6a8f67a39235e3662e5723e6,6a8f67a39235e3662e5721ff,6a8f67a39235e3662e57295d,false,false,Wed Apr 29 2026 20:05:42 GMT+0000 (Coordinated Universal Time),Mon May 18 2026 13:55:04 GMT+0000 (Coordinated Universal Time),,https://cdn.prod.website-files.com/6a8f67a39235e3662e5721fe/6a8f67a39235e3662e5726db_69f39942432cbcdf8bc8ae58_outdoor-kitchen-step-4.png,"Every appliance, finish, and component is inspected in a detailed walkthrough. Your custom outdoor kitchen in Florida is complete and ready for cooking and entertaining.",custom-outdoor-kitchens-for-north-south-florida-homes,Equipment Installation & System Testing,"<p>Professional installation of all equipment, utility connections, and integration with surrounding elements. Full system testing and operational training for all appliances.</p>",4,4,Published
Outdoor Kitchen - Kitchen Design & Integration,outdoor-kitchen-step-2,6a8f67a39235e3662e5723e6,6a8f67a39235e3662e5721ff,6a8f67a39235e3662e57295e,false,false,Wed Apr 29 2026 20:05:42 GMT+0000 (Coordinated Universal Time),Mon May 18 2026 13:55:04 GMT+0000 (Coordinated Universal Time),,https://cdn.prod.website-files.com/6a8f67a39235e3662e5721fe/6a8f67a39235e3662e5726dd_69f4c204871e6690fbc6d3ec_outdoor-kitchen-step-2.png,"The kitchen site is precisely laid out, concrete bases are poured, and structural framing is completed by experienced contractors for a durable Florida outdoor kitchen build.",custom-outdoor-kitchens-for-north-south-florida-homes,Kitchen Design & Integration,"<p>Comprehensive design showing equipment placement, counter layouts, seating areas, and workflow optimization. 3D renderings display the complete outdoor kitchen experience.</p>",2,2,Published
Pergola Installation - Structural Engineering & Permitting,pergola-installation-step-3,6a8f67a39235e3662e5723e6,6a8f67a39235e3662e5721ff,6a8f67a39235e3662e57295f,false,false,Wed Apr 29 2026 20:06:13 GMT+0000 (Coordinated Universal Time),Mon May 18 2026 13:54:34 GMT+0000 (Coordinated Universal Time),,https://cdn.prod.website-files.com/6a8f67a39235e3662e5721fe/6a8f67a39235e3662e5726d7_69f38ce66506fd24e0d4313a_pergola-installation-step-3.png,"Your custom aluminum pergola is installed in as little as 1–2 days. Decking is completed if included — delivering a durable, low-maintenance shade structure built to Florida wind codes.",custom-aluminum-pergola-builders-in-north-south-florida,Structural Engineering & Permitting,"<p>Structural design verification by licensed engineers, permit acquisition including wind-load certifications, and ARB submissions if required. HVHZ compliance certification for coastal properties.</p>",3,3,Published
Pergola Installation - Pergola Type & Style Selection,pergola-installation-step-1,6a8f67a39235e3662e5723e6,6a8f67a39235e3662e5721ff,6a8f67a39235e3662e572960,false,false,Wed Apr 29 2026 20:06:13 GMT+0000 (Coordinated Universal Time),Mon May 18 2026 13:54:34 GMT+0000 (Coordinated Universal Time),,https://cdn.prod.website-files.com/6a8f67a39235e3662e5721fe/6a8f67a39235e3662e5726da_69f3992a8dc71c875a999b81_pergola-installation-step-1.png,"Our aluminum pergola builders finalize your design, prepare all documentation, and manage engineering and permits with local Florida authorities before construction begins.",custom-aluminum-pergola-builders-in-north-south-florida,Pergola Type & Style Selection,"<p>Consultation on pergola categories (louvered, covered, open, clear) with wind-load engineering assessment per ASCE 7-22 structural standards. We review each style's benefits for sun control, durability, and architectural integration.</p>",1,1,Published
Pergola Installation - Installation & System Integration,pergola-installation-step-4,6a8f67a39235e3662e5723e6,6a8f67a39235e3662e5721ff,6a8f67a39235e3662e572961,false,false,Wed Apr 29 2026 20:06:13 GMT+0000 (Coordinated Universal Time),Mon May 18 2026 13:54:34 GMT+0000 (Coordinated Universal Time),,https://cdn.prod.website-files.com/6a8f67a39235e3662e5721fe/6a8f67a39235e3662e5726e6_69f4cbe06003ae88098c18f5_pergola-installation-step-4-v2.png,A comprehensive final inspection verifies structural integrity and code compliance. Your outdoor living space is complete — a beautiful aluminum pergola built to last in Florida's climate.,custom-aluminum-pergola-builders-in-north-south-florida,Installation & System Integration,"<p>Professional installation with foundation work, structural alignment verification, motorization testing (if applicable), and integration with smart home systems for seamless operation.</p>",4,4,Published
Pergola Installation - Customization Design & 3D Rendering,pergola-installation-step-2,6a8f67a39235e3662e5723e6,6a8f67a39235e3662e5721ff,6a8f67a39235e3662e572962,false,false,Wed Apr 29 2026 20:06:13 GMT+0000 (Coordinated Universal Time),Mon May 18 2026 13:54:34 GMT+0000 (Coordinated Universal Time),,https://cdn.prod.website-files.com/6a8f67a39235e3662e5721fe/6a8f67a39235e3662e5726d8_69f38cf6c8ee2ccd838a2db7_pergola-installation-step-2.png,"The installation site is laid out, concrete footings are poured as required, and all structural inspections are completed — creating a solid, code-compliant foundation for your Florida pergola.",custom-aluminum-pergola-builders-in-north-south-florida,Customization Design & 3D Rendering,"<p>Design of custom dimensions, material finishes (marine-grade stainless steel hardware), automation options (motorized louvers), and integration with existing structures. Full 3D visualization provided.</p>",2,2,Published
Pool Construction - Permits & Regulatory Compliance,pool-construction-step-3,6a8f67a39235e3662e5723e6,6a8f67a39235e3662e5721ff,6a8f67a39235e3662e572963,false,false,Wed Apr 29 2026 20:05:05 GMT+0000 (Coordinated Universal Time),Mon May 18 2026 13:54:34 GMT+0000 (Coordinated Universal Time),,https://cdn.prod.website-files.com/6a8f67a39235e3662e5721fe/6a8f67a39235e3662e5726e7_69f4cc30b8f15f56faa45323_pool-construction-step-3-v2.png,"Expert pool excavation, steel rebar, gunite application, tile, coping, decking, and full equipment installation by licensed pool contractors in North & South Florida.",custom-pool-spa-builders-in-north-south-florida,Permits & Regulatory Compliance,"<p>Comprehensive permit acquisition including Notice of Commencement (NOC), VGB compliance certification, and ARB approvals if applicable. We manage all interactions with county building departments and HOA review boards to ensure seamless approval.</p>",3,3,Published
Pool Construction - Site Assessment & Structural Evaluation,pool-construction-step-1,6a8f67a39235e3662e5723e6,6a8f67a39235e3662e5721ff,6a8f67a39235e3662e572964,false,false,Wed Apr 29 2026 20:05:05 GMT+0000 (Coordinated Universal Time),Mon May 18 2026 13:54:34 GMT+0000 (Coordinated Universal Time),,https://cdn.prod.website-files.com/6a8f67a39235e3662e5721fe/6a8f67a39235e3662e5726e4_69f4c31b5852ad36a36d90d4_pool-construction-step-1.png,"Start your custom pool project in Florida with a personalized consultation, detailed estimate, and material selections. Mr & Mrs Outdoor Living guides you every step of the way.",custom-pool-spa-builders-in-north-south-florida,Site Assessment & Structural Evaluation,"<p>Comprehensive evaluation of lot configuration, soil stability, and hydrostatic pressure zones using 3D surveying technology. We assess setback requirements per Florida Building Code Chapter 45, HOA restrictions, and geotechnical conditions to determine engineering specifications.</p>",1,1,Published
Pool Construction - Design Consultation & 3D Rendering,pool-construction-step-2,6a8f67a39235e3662e5723e6,6a8f67a39235e3662e5721ff,6a8f67a39235e3662e572965,false,false,Wed Apr 29 2026 20:05:05 GMT+0000 (Coordinated Universal Time),Mon May 18 2026 13:54:34 GMT+0000 (Coordinated Universal Time),,https://cdn.prod.website-files.com/6a8f67a39235e3662e5721fe/6a8f67a39235e3662e5726e5_69f4cbba2d990465d68c1a48_pool-construction-step-2-v2.png,Our licensed pool builders prepare full engineering drawings and manage all permits with your Florida municipality — keeping your custom pool project on schedule and fully code-compliant.,custom-pool-spa-builders-in-north-south-florida,Design Consultation & 3D Rendering,"<p>Custom design consultation creating detailed 3D architectural renderings showing pool shape, depth variations, spa integration, and surrounding deck configurations. Our licensed designers present multiple options for approval before construction begins.</p>",2,2,Published
Pool Construction - Construction & Installation,pool-construction-step-4,6a8f67a39235e3662e5723e6,6a8f67a39235e3662e5721ff,6a8f67a39235e3662e572966,false,false,Wed Apr 29 2026 20:05:05 GMT+0000 (Coordinated Universal Time),Mon May 18 2026 13:54:34 GMT+0000 (Coordinated Universal Time),,https://cdn.prod.website-files.com/6a8f67a39235e3662e5721fe/6a8f67a39235e3662e5726e3_69f4c293fc42e3a0c19132f5_pool-construction-step-4.png,"Premium interior plaster is applied, your new pool is filled and balanced, and every system is tested. Your custom Florida pool is complete and ready to enjoy from day one.",custom-pool-spa-builders-in-north-south-florida,Construction & Installation,"<p>Full construction execution including gunite shell application with pneumatic concrete, hydrostatic pressure management systems, bond coat application, plaster finishes, equipment installation, and final inspections with CPC licensing.</p>",4,4,Published
Pool Remodel - Renovation Execution & System Upgrades,pool-remodel-step-4,6a8f67a39235e3662e5723e6,6a8f67a39235e3662e5721ff,6a8f67a39235e3662e572967,false,false,Wed Apr 29 2026 20:05:36 GMT+0000 (Coordinated Universal Time),Mon May 18 2026 13:54:34 GMT+0000 (Coordinated Universal Time),,https://cdn.prod.website-files.com/6a8f67a39235e3662e5721fe/6a8f67a39235e3662e5726df_69f4c230871e6690fbc6e5aa_pool-remodel-step-4.png,"Bond Kote prep, new interior finish, water fill, and full chemistry balance — your renovated Florida pool is tested, certified, and ready for immediate use and enjoyment.",pool-remodeling-renovation-in-north-south-florida,Renovation Execution & System Upgrades,"<p>Full renovation including surface restoration, equipment replacement, circulation upgrades, and integration of smart automation systems for enhanced functionality and energy efficiency.</p>",4,4,Published
Pool Remodel - Pool Assessment & Condition Analysis,pool-remodel-step-1,6a8f67a39235e3662e5723e6,6a8f67a39235e3662e5721ff,6a8f67a39235e3662e572968,false,false,Wed Apr 29 2026 20:05:36 GMT+0000 (Coordinated Universal Time),Mon May 18 2026 13:54:34 GMT+0000 (Coordinated Universal Time),,https://cdn.prod.website-files.com/6a8f67a39235e3662e5721fe/6a8f67a39235e3662e5726e2_69f4c283b83b9052af23ce77_pool-remodel-step-1.png,"Our pool remodeling experts evaluate your pool condition, discuss your renovation goals, and create a fully customized plan to restore and upgrade your outdoor space in Florida.",pool-remodeling-renovation-in-north-south-florida,Pool Assessment & Condition Analysis,"<p>Detailed inspection identifying plaster delamination, structural cracks, equipment aging, circulation inefficiencies, and aesthetic improvements needed. We use underwater camera inspection to assess interior conditions and plan targeted renovations.</p>",1,1,Published
Pool Remodel - Permits & Project Coordination,pool-remodel-step-3,6a8f67a39235e3662e5723e6,6a8f67a39235e3662e5721ff,6a8f67a39235e3662e572969,false,false,Wed Apr 29 2026 20:05:36 GMT+0000 (Coordinated Universal Time),Mon May 18 2026 13:54:34 GMT+0000 (Coordinated Universal Time),,https://cdn.prod.website-files.com/6a8f67a39235e3662e5721fe/6a8f67a39235e3662e5726e0_69f4c25f54ea1a32a20313ac_pool-remodel-step-3.png,"New tile, coping, updated decking, energy-efficient equipment, and custom features are installed by skilled pool remodeling contractors using premium Florida-rated materials.",pool-remodeling-renovation-in-north-south-florida,Permits & Project Coordination,"<p>Acquisition of renovation permits and coordinated scheduling with utility providers. For major renovations, Notice of Commencement filing and ARB re-approval may be required.</p>",3,3,Published
Pool Remodel - Renovation Design & Material Selection,pool-remodel-step-2,6a8f67a39235e3662e5723e6,6a8f67a39235e3662e5721ff,6a8f67a39235e3662e57296a,false,false,Wed Apr 29 2026 20:05:36 GMT+0000 (Coordinated Universal Time),Mon May 18 2026 13:54:34 GMT+0000 (Coordinated Universal Time),,https://cdn.prod.website-files.com/6a8f67a39235e3662e5721fe/6a8f67a39235e3662e5726e1_69f4c27234553be8792ba7ef_pool-remodel-step-2.png,"Old tile, coping, and worn materials are safely removed. Structural repairs are completed and the pool surface is professionally prepared for a flawless, long-lasting new finish.",pool-remodeling-renovation-in-north-south-florida,Renovation Design & Material Selection,"<p>Design consultation for modernization including updated finishes, enhanced circulation systems, lighting upgrades, and deck resurfacing options. We present 3D renderings showing before/after transformations.</p>",2,2,Published
Retractable Screen - Screen System Assessment & Selection,retractable-screen-step-1,6a8f67a39235e3662e5723e6,6a8f67a39235e3662e5721ff,6a8f67a39235e3662e57296b,false,false,Wed Apr 29 2026 20:06:29 GMT+0000 (Coordinated Universal Time),Mon May 18 2026 13:55:04 GMT+0000 (Coordinated Universal Time),,https://cdn.prod.website-files.com/6a8f67a39235e3662e5721fe/6a8f67a39235e3662e5726d6_69f38cc2bf7ad5c2f52170a5_retractable-screen-step-1.png,"Contract execution, full project documentation, and precision final measurements are completed — ensuring your motorized retractable screen system is custom-built to fit your Florida home.",motorized-retractable-screens-in-north-south-florida,Screen System Assessment & Selection,"<p>Comprehensive consultation on retractable screen benefits, motorization options, and MaestroShield system selection. Assessment of door/window configurations and retraction requirements.</p>",1,1,Published
Retractable Screen - Installation & System Activation,retractable-screen-step-4,6a8f67a39235e3662e5723e6,6a8f67a39235e3662e5721ff,6a8f67a39235e3662e57296c,false,false,Wed Apr 29 2026 20:06:29 GMT+0000 (Coordinated Universal Time),Mon May 18 2026 13:55:04 GMT+0000 (Coordinated Universal Time),,https://cdn.prod.website-files.com/6a8f67a39235e3662e5721fe/6a8f67a39235e3662e5726d3_69f38c83c8ee2ccd8389c949_retractable-screen-step-4.png,"Each motorized screen system is fully tested and inspected. A final walkthrough confirms flawless operation — your screens are ready to deliver shade, privacy, and insect protection.",motorized-retractable-screens-in-north-south-florida,Installation & System Activation,"<p>Professional installation of track systems, screen mechanisms, and motorization (if included). Full testing of retraction/extension, integration with smart home systems, and customer training.</p>",4,4,Published
Retractable Screen - Installation Permits & Certification,retractable-screen-step-3,6a8f67a39235e3662e5723e6,6a8f67a39235e3662e5721ff,6a8f67a39235e3662e57296d,false,false,Wed Apr 29 2026 20:06:29 GMT+0000 (Coordinated Universal Time),Mon May 18 2026 13:55:04 GMT+0000 (Coordinated Universal Time),,https://cdn.prod.website-files.com/6a8f67a39235e3662e5721fe/6a8f67a39235e3662e5726d4_69f38ca8280147b98e9a78b4_retractable-screen-step-3.png,Electrical readiness is confirmed and our certified installers complete your full retractable screen installation in Florida — typically within one day with minimal disruption.,motorized-retractable-screens-in-north-south-florida,Installation Permits & Certification,"<p>Verification of installation requirements, electrical permits (if motorized), and MaestroShield certification documentation. Quality assurance inspection prior to activation.</p>",3,3,Published
Retractable Screen - System Design & Custom Fitting,retractable-screen-step-2,6a8f67a39235e3662e5723e6,6a8f67a39235e3662e5721ff,6a8f67a39235e3662e57296e,false,false,Wed Apr 29 2026 20:06:29 GMT+0000 (Coordinated Universal Time),Mon May 18 2026 13:55:04 GMT+0000 (Coordinated Universal Time),,https://cdn.prod.website-files.com/6a8f67a39235e3662e5721fe/6a8f67a39235e3662e5726d5_69f38cb7fe1bd007cf529c8f_retractable-screen-step-2.png,"Your custom motorized retractable screen systems are ordered directly from the manufacturer with a typical 3-week lead time, pre-scheduled for seamless on-time installation.",motorized-retractable-screens-in-north-south-florida,System Design & Custom Fitting,"<p>Detailed measurement and design of custom retractable screen installations for doors, windows, or open areas. Integration with existing frame systems and automation compatibility.</p>",2,2,Published
Smart Lighting - Electrical Work & Permitting,smart-lighting-step-3,6a8f67a39235e3662e5723e6,6a8f67a39235e3662e5721ff,6a8f67a39235e3662e57296f,false,false,Wed Apr 29 2026 20:06:48 GMT+0000 (Coordinated Universal Time),Mon May 18 2026 13:55:35 GMT+0000 (Coordinated Universal Time),,https://cdn.prod.website-files.com/6a8f67a39235e3662e5721fe/6a8f67a39235e3662e5726c2_69f38aba611fd9bc6770acd4_smart-lighting-step-3.png,"Delivery is coordinated with your project timeline. Licensed electricians install, connect, and position every fixture per your approved lighting design for a precise Florida installation.",smart-soffit-led-lighting-installation-in-north-south-florida,Electrical Work & Permitting,"<p>Electrical plan development for wiring routes, power supply adequacy, and any required permits. Installation of electrical infrastructure supporting all lighting zones.</p>",3,3,Published
Smart Lighting - Installation & Smart Automation Setup,smart-lighting-step-4,6a8f67a39235e3662e5723e6,6a8f67a39235e3662e5721ff,6a8f67a39235e3662e572970,false,false,Wed Apr 29 2026 20:06:48 GMT+0000 (Coordinated Universal Time),Mon May 18 2026 14:26:03 GMT+0000 (Coordinated Universal Time),,https://cdn.prod.website-files.com/6a8f67a39235e3662e5721fe/6a8f67a39235e3662e572774_Smart%20Lighting%20-%20Installation%20%26%20Smart%20Automation%20Setup.avif,"Every light zone is tested, adjusted, and calibrated. A final walkthrough confirms flawless smart control performance — your Florida property is transformed with professional exterior lighting.",smart-soffit-led-lighting-installation-in-north-south-florida,Installation & Smart Automation Setup,"<p>Professional installation of all fixtures, wiring, controllers, and smart home integration. Testing of all lighting zones, app setup for remote control, and automated scheduling configuration.</p>",4,4,Published
Smart Lighting - Smart Lighting System Design & Integration,smart-lighting-step-2,6a8f67a39235e3662e5723e6,6a8f67a39235e3662e5721ff,6a8f67a39235e3662e572971,false,false,Wed Apr 29 2026 20:06:48 GMT+0000 (Coordinated Universal Time),Mon May 18 2026 13:55:35 GMT+0000 (Coordinated Universal Time),,https://cdn.prod.website-files.com/6a8f67a39235e3662e5721fe/6a8f67a39235e3662e5726c3_69f38ad88e6fe7edb1ce540f_smart-lighting-step-2.png,Selected LED fixtures and smart control components are confirmed with the supplier. Lead times and delivery specs are locked in to ensure your Florida lighting project stays on track.,smart-soffit-led-lighting-installation-in-north-south-florida,Smart Lighting System Design & Integration,"<p>Design of lighting zones using Gemstone Lights IP68-rated fixtures. Integration with smart home systems for automated scheduling, color adjustments, and scene creation for entertaining.</p>",2,2,Published
Smart Lighting - Lighting Assessment & Design,smart-lighting-step-1,6a8f67a39235e3662e5723e6,6a8f67a39235e3662e5721ff,6a8f67a39235e3662e572972,false,true,Wed Apr 29 2026 20:06:48 GMT+0000 (Coordinated Universal Time),Mon May 18 2026 13:55:35 GMT+0000 (Coordinated Universal Time),,https://cdn.prod.website-files.com/6a8f67a39235e3662e5721fe/6a8f67a39235e3662e5726c4_69f38af0fe1bd007cf518400_smart-lighting-step-1.png,Your smart lighting project starts with a detailed consultation to select premium LED and smart lighting fixtures engineered for Florida's outdoor environment and your property design.,smart-soffit-led-lighting-installation-in-north-south-florida,Lighting Assessment & Design,"<p>Comprehensive assessment of current outdoor lighting, identification of dark areas, and design of smart LED soffit lighting placement. Color temperature and brightness level recommendations.</p>",1,1,Published
Louvered Roof Systems - Climate Adaptation & System Selection,louvered-roof-step-1,6a8f67a39235e3662e5723e6,6a8f67a39235e3662e5721ff,6a8f67a39235e3662e572973,false,false,Mon May 18 2026 14:11:56 GMT+0000 (Coordinated Universal Time),Mon May 18 2026 14:53:52 GMT+0000 (Coordinated Universal Time),,https://cdn.prod.website-files.com/6a8f67a39235e3662e5721fe/6a8f67a39235e3662e572775_Louvered%20Roof%20Systems%20-%20Climate%20Adaptation%20%26%20System%20Selection.avif,,motorized-louvered-roof-systems-in-north-south-florida,Climate Adaptation & System Selection,"<p>Assessment of Florida climate demands (humidity, salt air, wind loads) and selection of bioclimatic system best suited to property conditions. We review motorized vs. manual louver operation.</p>",1,1,Published
Louvered Roof Systems - Engineering Design & Customization,louvered-roof-step-2,6a8f67a39235e3662e5723e6,6a8f67a39235e3662e5721ff,6a8f67a39235e3662e572974,false,false,Mon May 18 2026 14:11:56 GMT+0000 (Coordinated Universal Time),Mon May 18 2026 14:54:02 GMT+0000 (Coordinated Universal Time),,https://cdn.prod.website-files.com/6a8f67a39235e3662e5721fe/6a8f67a39235e3662e572776_Louvered%20Roof%20Systems%20-%20Engineering%20Design%20%26%20Customization.avif,,motorized-louvered-roof-systems-in-north-south-florida,Engineering Design & Customization,"<p>Detailed system design with wind-load calculations, louver angle optimization for seasonal sun management, and drainage system engineering. 3D renderings show operational benefits.</p>",2,2,Published
Louvered Roof Systems - Structural & Electrical Permitting,louvered-roof-step-3,6a8f67a39235e3662e5723e6,6a8f67a39235e3662e5721ff,6a8f67a39235e3662e572975,false,false,Mon May 18 2026 14:11:56 GMT+0000 (Coordinated Universal Time),Mon May 18 2026 14:54:08 GMT+0000 (Coordinated Universal Time),,https://cdn.prod.website-files.com/6a8f67a39235e3662e5721fe/6a8f67a39235e3662e572777_Louvered%20Roof%20Systems%20-%20Structural%20%26%20Electrical%20Permitting.avif,,motorized-louvered-roof-systems-in-north-south-florida,Structural & Electrical Permitting,"<p>Engineering permits for roof installation, electrical permits for motorization systems (if included), and ARB approvals. HVHZ compliance verification for high-wind zones.</p>",3,3,Published
Louvered Roof Systems - Professional Installation & Commissioning,louvered-roof-step-4,6a8f67a39235e3662e5723e6,6a8f67a39235e3662e5721ff,6a8f67a39235e3662e572976,false,false,Mon May 18 2026 14:11:56 GMT+0000 (Coordinated Universal Time),Mon May 18 2026 14:54:19 GMT+0000 (Coordinated Universal Time),,https://cdn.prod.website-files.com/6a8f67a39235e3662e5721fe/6a8f67a39235e3662e572778_Louvered%20Roof%20Systems%20-%20Professional%20Installation%20%26%20Commissioning.avif,,motorized-louvered-roof-systems-in-north-south-florida,Professional Installation & Commissioning,"<p>Complete installation including structural anchoring, motorization systems testing, smart control integration, and performance verification. Full operational training provided.</p>",4,4,Published
Pool Screen Enclosures - Screen Type & Configuration Assessment,pool-screen-enclosure-step-1,6a8f67a39235e3662e5723e6,6a8f67a39235e3662e5721ff,6a8f67a39235e3662e572977,false,false,Mon May 18 2026 14:11:56 GMT+0000 (Coordinated Universal Time),Mon May 18 2026 15:23:52 GMT+0000 (Coordinated Universal Time),,https://cdn.prod.website-files.com/6a8f67a39235e3662e5721fe/6a8f67a39235e3662e572779_Pool%20Screen%20Enclosures%20-%20Screen%20Type%20%26%20Configuration%20Assessment.avif,,pool-screen-enclosures-for-north-south-florida-pools,Screen Type & Configuration Assessment,"<p>Evaluation of standard aluminum screen enclosure vs. hybrid options. Assessment of pool perimeter dimensions, existing deck configuration, and regulatory requirements for screen material and spacing.</p>",1,1,Published
Pool Screen Enclosures - Enclosure Design & Material Selection,pool-screen-enclosure-step-2,6a8f67a39235e3662e5723e6,6a8f67a39235e3662e5721ff,6a8f67a39235e3662e572978,false,false,Mon May 18 2026 14:11:56 GMT+0000 (Coordinated Universal Time),Mon May 18 2026 15:24:00 GMT+0000 (Coordinated Universal Time),,https://cdn.prod.website-files.com/6a8f67a39235e3662e5721fe/6a8f67a39235e3662e57277a_Pool%20Screen%20Enclosures%20-%20Enclosure%20Design%20%26%20Material%20Selection.avif,,pool-screen-enclosures-for-north-south-florida-pools,Enclosure Design & Material Selection,"<p>Design of custom enclosure layout with aluminum framing, screen material selection, roof integration (if applicable), and aesthetic coordination with home architecture. 3D renderings provided.</p>",2,2,Published
Pool Screen Enclosures - Permits & Code Compliance,pool-screen-enclosure-step-3,6a8f67a39235e3662e5723e6,6a8f67a39235e3662e5721ff,6a8f67a39235e3662e572979,false,false,Mon May 18 2026 14:11:56 GMT+0000 (Coordinated Universal Time),Mon May 18 2026 15:24:16 GMT+0000 (Coordinated Universal Time),,https://cdn.prod.website-files.com/6a8f67a39235e3662e5721fe/6a8f67a39235e3662e57277b_Pool%20Screen%20Enclosures%20-%20Permits%20%26%20Code%20Compliance.avif,,pool-screen-enclosures-for-north-south-florida-pools,Permits & Code Compliance,"<p>Permit acquisition for screen enclosure installation, verification of setback compliance, and ARB approvals if required. Confirmation of screen material specifications per local codes.</p>",3,3,Published
Pool Screen Enclosures - Installation & Final Inspection,pool-screen-enclosure-step-4,6a8f67a39235e3662e5723e6,6a8f67a39235e3662e5721ff,6a8f67a39235e3662e57297a,false,false,Mon May 18 2026 14:11:56 GMT+0000 (Coordinated Universal Time),Mon May 18 2026 15:25:31 GMT+0000 (Coordinated Universal Time),,https://cdn.prod.website-files.com/6a8f67a39235e3662e5721fe/6a8f67a39235e3662e57277c_Pool%20Screen%20Enclosures%20-%20Installation%20%26%20Final%20Inspection.avif,,pool-screen-enclosures-for-north-south-florida-pools,Installation & Final Inspection,"<p>Professional installation of aluminum framing, screen material attachment, hardware installation, and final inspections. Full operational demonstration of any doors or access points.</p>",4,4,Published
Patio Screen Rooms - Screen Room Scope & Utility Needs,patio-screen-room-step-1,6a8f67a39235e3662e5723e6,6a8f67a39235e3662e5721ff,6a8f67a39235e3662e57297b,false,false,Mon May 18 2026 14:11:56 GMT+0000 (Coordinated Universal Time),Mon May 18 2026 15:28:38 GMT+0000 (Coordinated Universal Time),,https://cdn.prod.website-files.com/6a8f67a39235e3662e5721fe/6a8f67a39235e3662e57277d_Patio%20Screen%20Rooms%20-%20Screen%20Room%20Scope%20%26%20Utility%20Needs.avif,,patio-screen-rooms-enclosures-in-north-south-florida,Screen Room Scope & Utility Needs,"<p>Assessment of patio dimensions, existing structure conditions, and utility requirements (electrical, HVAC). Determination of whether room will be temperature-controlled or screened-only.</p>",1,1,Published
Patio Screen Rooms - Room Design & Architectural Integration,patio-screen-room-step-2,6a8f67a39235e3662e5723e6,6a8f67a39235e3662e5721ff,6a8f67a39235e3662e57297c,false,false,Mon May 18 2026 14:11:56 GMT+0000 (Coordinated Universal Time),Mon May 18 2026 15:28:47 GMT+0000 (Coordinated Universal Time),,https://cdn.prod.website-files.com/6a8f67a39235e3662e5721fe/6a8f67a39235e3662e57277e_Patio%20Screen%20Rooms%20-%20Room%20Design%20%26%20Architectural%20Integration.avif,,patio-screen-rooms-enclosures-in-north-south-florida,Room Design & Architectural Integration,"<p>Comprehensive design showing framing layout, material selections, door placement, and integration with home architecture. 3D renderings display the complete living space transformation.</p>",2,2,Published
Patio Screen Rooms - Building & Utility Permits,patio-screen-room-step-3,6a8f67a39235e3662e5723e6,6a8f67a39235e3662e5721ff,6a8f67a39235e3662e57297d,false,false,Mon May 18 2026 14:11:56 GMT+0000 (Coordinated Universal Time),Mon May 18 2026 15:29:02 GMT+0000 (Coordinated Universal Time),,https://cdn.prod.website-files.com/6a8f67a39235e3662e5721fe/6a8f67a39235e3662e57277f_Patio%20Screen%20Rooms%20-%20Building%20%26%20Utility%20Permits.avif,,patio-screen-rooms-enclosures-in-north-south-florida,Building & Utility Permits,"<p>Permit acquisition for room construction, foundation requirements, electrical distribution (if adding climate control), and ARB submissions. Setback and coverage verification.</p>",3,3,Published
Patio Screen Rooms - Construction & Installation,patio-screen-room-step-4,6a8f67a39235e3662e5723e6,6a8f67a39235e3662e5721ff,6a8f67a39235e3662e57297e,false,false,Mon May 18 2026 14:11:56 GMT+0000 (Coordinated Universal Time),Mon May 18 2026 15:29:11 GMT+0000 (Coordinated Universal Time),,https://cdn.prod.website-files.com/6a8f67a39235e3662e5721fe/6a8f67a39235e3662e572780_Patio%20Screen%20Rooms%20-%20Construction%20%26%20Installation.avif,,patio-screen-rooms-enclosures-in-north-south-florida,Construction & Installation,"<p>Full construction including framing installation, screen or glass enclosure, roofing, electrical work, and final inspections. Complete functional testing and operational walkthrough.</p>",4,4,Published
Pole Barn & Steel Buildings - Site Evaluation & Structural Assessment,pole-barn-step-1,6a8f67a39235e3662e5723e6,6a8f67a39235e3662e5721ff,6a8f67a39235e3662e57297f,false,false,Mon May 18 2026 14:11:56 GMT+0000 (Coordinated Universal Time),Mon May 18 2026 15:48:57 GMT+0000 (Coordinated Universal Time),,https://cdn.prod.website-files.com/6a8f67a39235e3662e5721fe/6a8f67a39235e3662e572781_Pole%20Barn%20%26%20Steel%20Buildings%20-%20Site%20Evaluation%20%26%20Structural%20Assessment.avif,,steel-building-pole-barn-construction-in-north-south-florida,Site Evaluation & Structural Assessment,"<p>Comprehensive site survey capturing lot dimensions, soil conditions, setback requirements, and intended use. We assess building size requirements, foundation needs, and local code compliance to determine engineering specifications.</p>",1,1,Published
Pole Barn & Steel Buildings - Custom Design & Structural Engineering,pole-barn-step-2,6a8f67a39235e3662e5723e6,6a8f67a39235e3662e5721ff,6a8f67a39235e3662e572980,false,false,Mon May 18 2026 14:11:56 GMT+0000 (Coordinated Universal Time),Mon May 18 2026 15:49:07 GMT+0000 (Coordinated Universal Time),,https://cdn.prod.website-files.com/6a8f67a39235e3662e5721fe/6a8f67a39235e3662e572782_Pole%20Barn%20%26%20Steel%20Buildings%20-%20Custom%20Design%20%26%20Structural%20Engineering.avif,,steel-building-pole-barn-construction-in-north-south-florida,Custom Design & Structural Engineering,"<p>Detailed design of steel building or pole barn structure with professional engineering for load-bearing capacity, beam sizing, and foundation requirements. 3D renderings and full material specifications provided.</p>",2,2,Published
Pole Barn & Steel Buildings - Building Permits & Code Compliance,pole-barn-step-3,6a8f67a39235e3662e5723e6,6a8f67a39235e3662e5721ff,6a8f67a39235e3662e572981,false,false,Mon May 18 2026 14:11:56 GMT+0000 (Coordinated Universal Time),Mon May 18 2026 15:49:17 GMT+0000 (Coordinated Universal Time),,https://cdn.prod.website-files.com/6a8f67a39235e3662e5721fe/6a8f67a39235e3662e572783_Pole%20Barn%20%26%20Steel%20Buildings%20-%20Building%20Permits%20%26%20Code%20Compliance.avif,,steel-building-pole-barn-construction-in-north-south-florida,Building Permits & Code Compliance,"<p>Permit acquisition for steel structure including wind-load certifications, setback verification, and structural engineering approvals per Florida Building Code. HVHZ compliance for high-wind zones where applicable.</p>",3,3,Published
Pole Barn & Steel Buildings - Construction & Final Inspection,pole-barn-step-4,6a8f67a39235e3662e5723e6,6a8f67a39235e3662e5721ff,6a8f67a39235e3662e572982,false,false,Mon May 18 2026 14:11:56 GMT+0000 (Coordinated Universal Time),Mon May 18 2026 15:49:30 GMT+0000 (Coordinated Universal Time),,https://cdn.prod.website-files.com/6a8f67a39235e3662e5721fe/6a8f67a39235e3662e572784_Pole%20Barn%20%26%20Steel%20Buildings%20-%20Construction%20%26%20Final%20Inspection.avif,,steel-building-pole-barn-construction-in-north-south-florida,Construction & Final Inspection,"<p>Full construction including foundation work, steel framing installation, roofing, and all finishing components. Final inspections confirm structural integrity and code compliance for delivery and handover.</p>",4,4,Published
