Name,Slug,Collection ID,Locale ID,Item ID,Archived,Draft,Created On,Updated On,Published On,Service,Icon,Summary
Agricultural Barn Installation,agricultural-barn-installation,6a8f67a39235e3662e57233b,6a8f67a39235e3662e5721ff,6a8f67a39235e3662e5728c9,false,false,Mon Dec 22 2025 17:41:31 GMT+0000 (Coordinated Universal Time),Mon Dec 22 2025 17:54:04 GMT+0000 (Coordinated Universal Time),,steel-building-pole-barn-construction-in-north-south-florida,https://cdn.prod.website-files.com/6a8f67a39235e3662e5721fe/6a8f67a39235e3662e5725cd_Agricultural%20Barn%20Installation.svg,"Contractors construct metal barns for horses and livestock, using durable, pest‑resistant materials."
Aluminum Furniture Assembly Services,aluminum-furniture-assembly-services,6a8f67a39235e3662e57233b,6a8f67a39235e3662e5721ff,6a8f67a39235e3662e5728ca,false,false,Mon Dec 22 2025 21:16:46 GMT+0000 (Coordinated Universal Time),Tue Dec 23 2025 02:11:57 GMT+0000 (Coordinated Universal Time),,premium-outdoor-furniture-for-north-south-florida-homes,https://cdn.prod.website-files.com/6a8f67a39235e3662e5721fe/6a8f67a39235e3662e5725f6_Aluminum%20Furniture%20Assembly%20Services.svg,"Contractors install lightweight, rust‑resistant aluminum furniture for long‑lasting outdoor use."
Aluminum Pergola Construction,aluminum-pergola-construction,6a8f67a39235e3662e57233b,6a8f67a39235e3662e5721ff,6a8f67a39235e3662e5728cb,false,false,Thu Dec 18 2025 22:17:04 GMT+0000 (Coordinated Universal Time),Sun Dec 21 2025 04:54:14 GMT+0000 (Coordinated Universal Time),,custom-aluminum-pergola-builders-in-north-south-florida,https://cdn.prod.website-files.com/6a8f67a39235e3662e5721fe/6a8f67a39235e3662e57249c_Icon_1pergolas.svg,Durable aluminum pergolas built for low maintenance and long-term performance in Florida climates.
Attached Pergolas,attached-pergolas,6a8f67a39235e3662e57233b,6a8f67a39235e3662e5721ff,6a8f67a39235e3662e5728cc,false,false,Thu Dec 18 2025 22:18:24 GMT+0000 (Coordinated Universal Time),Sun Dec 21 2025 04:54:14 GMT+0000 (Coordinated Universal Time),,custom-aluminum-pergola-builders-in-north-south-florida,https://cdn.prod.website-files.com/6a8f67a39235e3662e5721fe/6a8f67a39235e3662e57249f_Icon_4pergolas.svg,Attached pergolas designed to seamlessly extend patios and covered outdoor spaces.
Commercial‑Grade Metal Buildings,commercial-grade-metal-buildings,6a8f67a39235e3662e57233b,6a8f67a39235e3662e5721ff,6a8f67a39235e3662e5728cd,false,false,Mon Dec 22 2025 17:42:59 GMT+0000 (Coordinated Universal Time),Tue Dec 23 2025 02:11:58 GMT+0000 (Coordinated Universal Time),,steel-building-pole-barn-construction-in-north-south-florida,https://cdn.prod.website-files.com/6a8f67a39235e3662e5721fe/6a8f67a39235e3662e5725d1_Commercial%E2%80%91Grade%20Metal%20Buildings.svg,North Florida installers build durable metal structures for home businesses and equipment storage.
Complete Pool Renovation,complete-pool-renovation,6a8f67a39235e3662e57233b,6a8f67a39235e3662e5721ff,6a8f67a39235e3662e5728ce,false,false,Thu Dec 18 2025 21:17:02 GMT+0000 (Coordinated Universal Time),Sun Dec 21 2025 04:54:14 GMT+0000 (Coordinated Universal Time),,pool-remodeling-renovation-in-north-south-florida,https://cdn.prod.website-files.com/6a8f67a39235e3662e5721fe/6a8f67a39235e3662e572495_Iconremodeling.svg,"Full pool renovations designed to modernize appearance, improve functionality, and extend the life of your pool."
Composite Deck Installation,composite-deck-installation,6a8f67a39235e3662e57233b,6a8f67a39235e3662e5721ff,6a8f67a39235e3662e5728cf,false,false,Mon Dec 22 2025 22:36:51 GMT+0000 (Coordinated Universal Time),Tue Dec 23 2025 02:11:58 GMT+0000 (Coordinated Universal Time),,custom-deck-builders-in-north-south-florida,https://cdn.prod.website-files.com/6a8f67a39235e3662e5721fe/6a8f67a39235e3662e572604_Composite%20Deck%20Installation.svg,"South Florida builders install composite decks that resist warping, fading, and rot for low‑maintenance living"
Custom Color & Pattern LED Systems,custom-color-pattern-led-systems,6a8f67a39235e3662e57233b,6a8f67a39235e3662e5721ff,6a8f67a39235e3662e5728d0,false,false,Mon Dec 22 2025 17:12:44 GMT+0000 (Coordinated Universal Time),Mon Dec 22 2025 17:35:48 GMT+0000 (Coordinated Universal Time),,smart-soffit-led-lighting-installation-in-north-south-florida,https://cdn.prod.website-files.com/6a8f67a39235e3662e5721fe/6a8f67a39235e3662e5725c9_Custom%20Color%20%26%20Pattern%20LED%20Systems.svg,Builders install LED systems offering millions of colors and patterns for personalized illumination.
Custom Layout & Design Services,custom-layout-design-services,6a8f67a39235e3662e57233b,6a8f67a39235e3662e5721ff,6a8f67a39235e3662e5728d1,false,false,Mon Dec 22 2025 21:32:28 GMT+0000 (Coordinated Universal Time),Tue Dec 23 2025 02:11:57 GMT+0000 (Coordinated Universal Time),,motorized-louvered-roof-systems-in-north-south-florida,https://cdn.prod.website-files.com/6a8f67a39235e3662e5721fe/6a8f67a39235e3662e572602_Custom%20Layout%20%26%20Design%20Services.svg,Designers create 3D layouts and plans to tailor louvered roofs to home spaces
Custom Outdoor Kitchen Design,custom-outdoor-kitchen-design,6a8f67a39235e3662e57233b,6a8f67a39235e3662e5721ff,6a8f67a39235e3662e5728d2,false,false,Mon Dec 22 2025 20:12:01 GMT+0000 (Coordinated Universal Time),Tue Dec 23 2025 02:11:58 GMT+0000 (Coordinated Universal Time),,custom-outdoor-kitchens-for-north-south-florida-homes,https://cdn.prod.website-files.com/6a8f67a39235e3662e5721fe/6a8f67a39235e3662e5725e4_Custom%20Outdoor%20Kitchen%20Design.svg,South Florida builders design bespoke outdoor kitchens tailored to homeowners’ cooking and entertaining needs
Custom Patio Furniture Design,custom-patio-furniture-design,6a8f67a39235e3662e57233b,6a8f67a39235e3662e5721ff,6a8f67a39235e3662e5728d3,false,false,Mon Dec 22 2025 21:16:22 GMT+0000 (Coordinated Universal Time),Tue Dec 23 2025 02:11:57 GMT+0000 (Coordinated Universal Time),,premium-outdoor-furniture-for-north-south-florida-homes,https://cdn.prod.website-files.com/6a8f67a39235e3662e5721fe/6a8f67a39235e3662e5725f4_Custom%20Patio%20Furniture%20Design.svg,South Florida designers create custom outdoor furniture plans tailored to homeowners’ style and space
Custom Pergola Design,custom-pergola-design,6a8f67a39235e3662e57233b,6a8f67a39235e3662e5721ff,6a8f67a39235e3662e5728d4,false,false,Thu Dec 18 2025 22:16:36 GMT+0000 (Coordinated Universal Time),Sun Dec 21 2025 04:54:14 GMT+0000 (Coordinated Universal Time),,custom-aluminum-pergola-builders-in-north-south-florida,https://cdn.prod.website-files.com/6a8f67a39235e3662e5721fe/6a8f67a39235e3662e57249b_Iconpergolas.svg,"Custom pergola designs tailored to your outdoor space, architecture, and functional needs."
Custom Pole Barn Builders,custom-pole-barn-builders,6a8f67a39235e3662e57233b,6a8f67a39235e3662e5721ff,6a8f67a39235e3662e5728d5,false,false,Mon Dec 22 2025 17:40:38 GMT+0000 (Coordinated Universal Time),Tue Dec 23 2025 02:11:57 GMT+0000 (Coordinated Universal Time),,steel-building-pole-barn-construction-in-north-south-florida,https://cdn.prod.website-files.com/6a8f67a39235e3662e5721fe/6a8f67a39235e3662e5725cb_Custom%20Pole%20Barn%20Builders.svg,"Custom Pole Barn Builders
Description: North & South Florida contractors design and build custom pole barns for residential properties."
Custom Pool Cage Builders,custom-pool-cage-builders,6a8f67a39235e3662e57233b,6a8f67a39235e3662e5721ff,6a8f67a39235e3662e5728d6,false,false,Mon Dec 22 2025 19:32:26 GMT+0000 (Coordinated Universal Time),Tue Dec 23 2025 02:11:58 GMT+0000 (Coordinated Universal Time),,pool-screen-enclosures-for-north-south-florida-pools,https://cdn.prod.website-files.com/6a8f67a39235e3662e5721fe/6a8f67a39235e3662e5725db_Custom%20Pool%20Cage%20Builders.svg,Licensed contractors design and construct pool screen enclosures that blend with residential architecture
Custom Pool Design & Engineering,custom-pool-design-engineering,6a8f67a39235e3662e57233b,6a8f67a39235e3662e5721ff,6a8f67a39235e3662e5728d7,false,false,Thu Dec 18 2025 01:22:27 GMT+0000 (Coordinated Universal Time),Sun Dec 21 2025 04:54:14 GMT+0000 (Coordinated Universal Time),,custom-pool-spa-builders-in-north-south-florida,https://cdn.prod.website-files.com/6a8f67a39235e3662e5721fe/6a8f67a39235e3662e57248d_Icon.svg,Custom pool redesigns engineered for Florida homes and code compliance.
Custom Screen Design & Fabrication,custom-screen-design-fabrication,6a8f67a39235e3662e57233b,6a8f67a39235e3662e5721ff,6a8f67a39235e3662e5728d8,false,false,Mon Dec 22 2025 17:58:22 GMT+0000 (Coordinated Universal Time),Tue Dec 23 2025 02:11:58 GMT+0000 (Coordinated Universal Time),,motorized-retractable-screens-in-north-south-florida,https://cdn.prod.website-files.com/6a8f67a39235e3662e5721fe/6a8f67a39235e3662e5725d5_Custom%20Screen%20Design%20%26%20Fabrication.svg,"Designers build custom retractable screen systems to match frames, fabric opacity, and operation methods"
Custom Soffit LED Installation,custom-soffit-led-installation,6a8f67a39235e3662e57233b,6a8f67a39235e3662e5721ff,6a8f67a39235e3662e5728d9,false,false,Mon Dec 22 2025 17:10:22 GMT+0000 (Coordinated Universal Time),Tue Dec 23 2025 02:11:57 GMT+0000 (Coordinated Universal Time),,smart-soffit-led-lighting-installation-in-north-south-florida,https://cdn.prod.website-files.com/6a8f67a39235e3662e5721fe/6a8f67a39235e3662e5725c3_Custom%20Soffit%20LED%20Installation%20Icon.svg,South & North Florida contractors install custom soffit LED lighting for residential homes.
Custom Workshop & Storage Buildings,custom-workshop-storage-buildings,6a8f67a39235e3662e57233b,6a8f67a39235e3662e5721ff,6a8f67a39235e3662e5728da,false,false,Mon Dec 22 2025 17:42:14 GMT+0000 (Coordinated Universal Time),Tue Dec 23 2025 02:11:58 GMT+0000 (Coordinated Universal Time),,steel-building-pole-barn-construction-in-north-south-florida,https://cdn.prod.website-files.com/6a8f67a39235e3662e5721fe/6a8f67a39235e3662e5725cf_Custom%20Workshop%20%26%20Storage%20Buildings.svg,South Florida builders design custom steel workshops and storage buildings with energy‑efficient insulation.
Deck Lighting Installation,deck-lighting-installation,6a8f67a39235e3662e57233b,6a8f67a39235e3662e5721ff,6a8f67a39235e3662e5728db,false,false,Mon Dec 22 2025 22:38:26 GMT+0000 (Coordinated Universal Time),Tue Dec 23 2025 02:11:58 GMT+0000 (Coordinated Universal Time),,custom-deck-builders-in-north-south-florida,https://cdn.prod.website-files.com/6a8f67a39235e3662e5721fe/6a8f67a39235e3662e57260a_Deck%20Lighting%20Installation.svg,"Installers add LED post lights, stair lighting, and recessed fixtures for evening enjoyment"
Deck Railing Installation,deck-railing-installation,6a8f67a39235e3662e57233b,6a8f67a39235e3662e5721ff,6a8f67a39235e3662e5728dc,false,false,Mon Dec 22 2025 22:38:09 GMT+0000 (Coordinated Universal Time),Tue Dec 23 2025 02:11:58 GMT+0000 (Coordinated Universal Time),,custom-deck-builders-in-north-south-florida,https://cdn.prod.website-files.com/6a8f67a39235e3662e5721fe/6a8f67a39235e3662e572609_Deck%20Railing%20Installation.svg,"Builders install wood, metal, cable, or glass railings to enhance safety and style"
Deck Remodeling & Expansion,deck-remodeling-expansion,6a8f67a39235e3662e57233b,6a8f67a39235e3662e5721ff,6a8f67a39235e3662e5728dd,false,false,Mon Dec 22 2025 22:38:49 GMT+0000 (Coordinated Universal Time),Tue Dec 23 2025 02:11:58 GMT+0000 (Coordinated Universal Time),,custom-deck-builders-in-north-south-florida,https://cdn.prod.website-files.com/6a8f67a39235e3662e5721fe/6a8f67a39235e3662e57260b_Deck%20Remodeling%20%26%20Expansion.svg,North Florida contractors remodel and expand existing decks with new materials and features
Drainage System Installation,drainage-system-installation,6a8f67a39235e3662e57233b,6a8f67a39235e3662e5721ff,6a8f67a39235e3662e5728de,false,false,Mon Dec 22 2025 23:03:34 GMT+0000 (Coordinated Universal Time),Tue Dec 23 2025 02:11:59 GMT+0000 (Coordinated Universal Time),,professional-landscaping-services-in-north-south-florida,https://cdn.prod.website-files.com/6a8f67a39235e3662e5721fe/6a8f67a39235e3662e572619_Drainage%20System%20Installation.svg,"Contractors install French drains, catch basins, and grading solutions to protect landscapes from water damage"
Drip Irrigation System Installers,drip-irrigation-system-installers,6a8f67a39235e3662e57233b,6a8f67a39235e3662e5721ff,6a8f67a39235e3662e5728df,false,false,Mon Dec 22 2025 22:50:21 GMT+0000 (Coordinated Universal Time),Tue Dec 23 2025 02:11:59 GMT+0000 (Coordinated Universal Time),,smart-irrigation-system-installation-in-north-south-florida,https://cdn.prod.website-files.com/6a8f67a39235e3662e5721fe/6a8f67a39235e3662e57260e_Drip%20Irrigation%20System%20Installers.svg,"Installers design drip systems that deliver water directly to roots, saving up to 90% efficiency"
Durable Material Installation,durable-material-installation,6a8f67a39235e3662e57233b,6a8f67a39235e3662e5721ff,6a8f67a39235e3662e5728e0,false,false,Mon Dec 22 2025 20:13:57 GMT+0000 (Coordinated Universal Time),Tue Dec 23 2025 02:11:57 GMT+0000 (Coordinated Universal Time),,custom-outdoor-kitchens-for-north-south-florida-homes,https://cdn.prod.website-files.com/6a8f67a39235e3662e5721fe/6a8f67a39235e3662e5725ea_Durable%20Material%20Installation.svg,"Installers use marine‑grade polymer, stainless steel, and quartzite for long‑lasting outdoor kitchens"
Energy‑Efficient Soffit LED Upgrades,energy-efficient-soffit-led-upgrades,6a8f67a39235e3662e57233b,6a8f67a39235e3662e5721ff,6a8f67a39235e3662e5728e1,false,false,Mon Dec 22 2025 17:12:59 GMT+0000 (Coordinated Universal Time),Tue Dec 23 2025 02:11:57 GMT+0000 (Coordinated Universal Time),,smart-soffit-led-lighting-installation-in-north-south-florida,https://cdn.prod.website-files.com/6a8f67a39235e3662e5721fe/6a8f67a39235e3662e5725ca_Energy%E2%80%91Efficient%20Soffit%20LED%20Upgrades.svg,South Florida installers retrofit existing soffit lighting with energy‑efficient LED technology.
Free Design Consultation Services,free-design-consultation-services,6a8f67a39235e3662e57233b,6a8f67a39235e3662e5721ff,6a8f67a39235e3662e5728e2,false,false,Mon Dec 22 2025 20:56:37 GMT+0000 (Coordinated Universal Time),Tue Dec 23 2025 02:11:58 GMT+0000 (Coordinated Universal Time),,patio-screen-rooms-enclosures-in-north-south-florida,https://cdn.prod.website-files.com/6a8f67a39235e3662e5721fe/6a8f67a39235e3662e5725f2_Free%20Design%20Consultation%20Services.svg,Licensed pros offer free consultations and custom designs for patio screen room projects
Freestanding Pergolas,freestanding-pergolas,6a8f67a39235e3662e57233b,6a8f67a39235e3662e5721ff,6a8f67a39235e3662e5728e3,false,false,Thu Dec 18 2025 22:17:58 GMT+0000 (Coordinated Universal Time),Sun Dec 21 2025 04:54:14 GMT+0000 (Coordinated Universal Time),,custom-aluminum-pergola-builders-in-north-south-florida,https://cdn.prod.website-files.com/6a8f67a39235e3662e5721fe/6a8f67a39235e3662e57249e_Icon_3pergolas.svg,"Freestanding pergola structures ideal for pools, gardens, and open outdoor living areas."
Garage Retractable Screen Installation,garage-retractable-screen-installation,6a8f67a39235e3662e57233b,6a8f67a39235e3662e5721ff,6a8f67a39235e3662e5728e4,false,false,Mon Dec 22 2025 17:58:56 GMT+0000 (Coordinated Universal Time),Tue Dec 23 2025 02:11:58 GMT+0000 (Coordinated Universal Time),,motorized-retractable-screens-in-north-south-florida,https://cdn.prod.website-files.com/6a8f67a39235e3662e5721fe/6a8f67a39235e3662e5725d7_Garage%20Retractable%20Screen%20Installation.svg,Builders install retractable screens for garages to improve airflow and keep insects out.
Grilling Island Construction,grilling-island-construction,6a8f67a39235e3662e57233b,6a8f67a39235e3662e5721ff,6a8f67a39235e3662e5728e5,false,false,Mon Dec 22 2025 20:12:37 GMT+0000 (Coordinated Universal Time),Tue Dec 23 2025 02:11:58 GMT+0000 (Coordinated Universal Time),,custom-outdoor-kitchens-for-north-south-florida-homes,https://cdn.prod.website-files.com/6a8f67a39235e3662e5721fe/6a8f67a39235e3662e5725e6_Grilling%20Island%20Construction.svg,"Installers build custom grilling stations with countertops, storage, and utilities for Florida homeowners"
HOA & Permit Processing,hoa-permit-processing,6a8f67a39235e3662e57233b,6a8f67a39235e3662e5721ff,6a8f67a39235e3662e5728e6,false,false,Mon Dec 22 2025 21:32:00 GMT+0000 (Coordinated Universal Time),Tue Dec 23 2025 02:11:58 GMT+0000 (Coordinated Universal Time),,motorized-louvered-roof-systems-in-north-south-florida,https://cdn.prod.website-files.com/6a8f67a39235e3662e5721fe/6a8f67a39235e3662e572600_HOA%20%26%20Permit%20Processing.svg,Professionals handle HOA approvals and city permits for louvered roof construction
Hardscape & Paver Patio Construction,hardscape-paver-patio-construction,6a8f67a39235e3662e57233b,6a8f67a39235e3662e5721ff,6a8f67a39235e3662e5728e7,false,false,Mon Dec 22 2025 23:03:06 GMT+0000 (Coordinated Universal Time),Tue Dec 23 2025 02:11:59 GMT+0000 (Coordinated Universal Time),,professional-landscaping-services-in-north-south-florida,https://cdn.prod.website-files.com/6a8f67a39235e3662e5721fe/6a8f67a39235e3662e572617_Hardscape%20%26%20Paver%20Patio%20Construction.svg,"Builders install paver patios, walkways, and retaining walls to enhance outdoor living spaces"
High‑Wind Enclosure Installation,high-wind-enclosure-installation,6a8f67a39235e3662e57233b,6a8f67a39235e3662e5721ff,6a8f67a39235e3662e5728e8,false,false,Mon Dec 22 2025 19:33:55 GMT+0000 (Coordinated Universal Time),Tue Dec 23 2025 02:11:58 GMT+0000 (Coordinated Universal Time),,pool-screen-enclosures-for-north-south-florida-pools,https://cdn.prod.website-files.com/6a8f67a39235e3662e5721fe/6a8f67a39235e3662e5725df_High%E2%80%91Wind%20Enclosure%20Installation.svg,Builders install heavy‑duty screen enclosures engineered for hurricane resistance and safety.
Inground Pool Remodeling,inground-pool-construction,6a8f67a39235e3662e57233b,6a8f67a39235e3662e5721ff,6a8f67a39235e3662e5728e9,false,false,Thu Dec 18 2025 01:22:58 GMT+0000 (Coordinated Universal Time),Sun Dec 21 2025 04:54:14 GMT+0000 (Coordinated Universal Time),,custom-pool-spa-builders-in-north-south-florida,https://cdn.prod.website-files.com/6a8f67a39235e3662e5721fe/6a8f67a39235e3662e57248e_Icon_1.svg,Complete inground pool renovations focused on performance and aesthetics.
Insulated Patio Roof Builders,insulated-patio-roof-builders,6a8f67a39235e3662e57233b,6a8f67a39235e3662e5721ff,6a8f67a39235e3662e5728ea,false,false,Mon Dec 22 2025 20:55:23 GMT+0000 (Coordinated Universal Time),Tue Dec 23 2025 02:11:58 GMT+0000 (Coordinated Universal Time),,patio-screen-rooms-enclosures-in-north-south-florida,https://cdn.prod.website-files.com/6a8f67a39235e3662e5721fe/6a8f67a39235e3662e5725ed_Insulated%20Patio%20Roof%20Builders.svg,"Installers construct insulated roofs for screen rooms, providing shade and year‑round protection"
Integrated Spa Remodeling,integrated-spa-construction,6a8f67a39235e3662e57233b,6a8f67a39235e3662e5721ff,6a8f67a39235e3662e5728eb,false,false,Thu Dec 18 2025 01:23:17 GMT+0000 (Coordinated Universal Time),Sun Dec 21 2025 04:54:14 GMT+0000 (Coordinated Universal Time),,custom-pool-spa-builders-in-north-south-florida,https://cdn.prod.website-files.com/6a8f67a39235e3662e5721fe/6a8f67a39235e3662e57248f_Icon_2.svg,Spa remodeling seamlessly integrated into existing pools for comfort and style.
Irrigation Rerouting for Pools & Hardscapes,irrigation-rerouting-for-pools-hardscapes,6a8f67a39235e3662e57233b,6a8f67a39235e3662e5721ff,6a8f67a39235e3662e5728ec,false,false,Mon Dec 22 2025 22:51:02 GMT+0000 (Coordinated Universal Time),Tue Dec 23 2025 02:11:58 GMT+0000 (Coordinated Universal Time),,smart-irrigation-system-installation-in-north-south-florida,https://cdn.prod.website-files.com/6a8f67a39235e3662e5721fe/6a8f67a39235e3662e572611_Irrigation%20Rerouting%20for%20Pools%20%26%20Hardscapes.svg,North Florida experts reroute irrigation lines around new pools or hardscapes to maintain even coverage
LED Lighting & Fan Installation,led-lighting-fan-installation,6a8f67a39235e3662e57233b,6a8f67a39235e3662e5721ff,6a8f67a39235e3662e5728ed,false,false,Mon Dec 22 2025 21:31:43 GMT+0000 (Coordinated Universal Time),Tue Dec 23 2025 02:11:58 GMT+0000 (Coordinated Universal Time),,motorized-louvered-roof-systems-in-north-south-florida,https://cdn.prod.website-files.com/6a8f67a39235e3662e5721fe/6a8f67a39235e3662e5725ff_LED%20Lighting%20%26%20Fan%20Installation.svg,"Contractors integrate LED lights, ceiling fans, and privacy screens into louvered roof systems"
LED Pool Lighting Systems,led-pool-lighting-systems,6a8f67a39235e3662e57233b,6a8f67a39235e3662e5721ff,6a8f67a39235e3662e5728ee,false,false,Thu Dec 18 2025 21:18:07 GMT+0000 (Coordinated Universal Time),Sun Dec 21 2025 04:54:14 GMT+0000 (Coordinated Universal Time),,pool-remodeling-renovation-in-north-south-florida,https://cdn.prod.website-files.com/6a8f67a39235e3662e5721fe/6a8f67a39235e3662e572499_Icon_4remodeling.svg,"Energy-efficient LED pool lighting designed to enhance visibility, ambiance, and nighttime safety."
Lanai & Patio Enclosure Installation,lanai-patio-enclosure-installation,6a8f67a39235e3662e57233b,6a8f67a39235e3662e5721ff,6a8f67a39235e3662e5728ef,false,false,Mon Dec 22 2025 19:32:48 GMT+0000 (Coordinated Universal Time),Tue Dec 23 2025 02:11:58 GMT+0000 (Coordinated Universal Time),,pool-screen-enclosures-for-north-south-florida-pools,https://cdn.prod.website-files.com/6a8f67a39235e3662e5721fe/6a8f67a39235e3662e5725dc_Lanai%20%26%20Patio%20Enclosure%20Installation.svg,"Installers expand living space by screening patios and lanais, creating bug‑free comfort."
Lanai & Porch Enclosure Installation,lanai-porch-enclosure-installation,6a8f67a39235e3662e57233b,6a8f67a39235e3662e5721ff,6a8f67a39235e3662e5728f0,false,false,Mon Dec 22 2025 17:59:10 GMT+0000 (Coordinated Universal Time),Tue Dec 23 2025 02:11:58 GMT+0000 (Coordinated Universal Time),,motorized-retractable-screens-in-north-south-florida,https://cdn.prod.website-files.com/6a8f67a39235e3662e5721fe/6a8f67a39235e3662e5725d8_Lanai%20%26%20Porch%20Enclosure%20Installation.svg,Contractors enclose lanais and porches with retractable screens for year‑round comfort.
Landscape Design & Consultation,landscape-design-consultation,6a8f67a39235e3662e57233b,6a8f67a39235e3662e5721ff,6a8f67a39235e3662e5728f1,false,false,Mon Dec 22 2025 23:02:26 GMT+0000 (Coordinated Universal Time),Tue Dec 23 2025 02:11:58 GMT+0000 (Coordinated Universal Time),,professional-landscaping-services-in-north-south-florida,https://cdn.prod.website-files.com/6a8f67a39235e3662e5721fe/6a8f67a39235e3662e572614_Landscape%20Design%20%26%20Consultation.svg,"South & North Florida designers provide consultations, create scaled plans, and develop tailored landscape designs"
Landscape Lighting Installation,landscape-lighting-installation,6a8f67a39235e3662e57233b,6a8f67a39235e3662e5721ff,6a8f67a39235e3662e5728f2,false,false,Mon Dec 22 2025 23:03:16 GMT+0000 (Coordinated Universal Time),Tue Dec 23 2025 02:11:58 GMT+0000 (Coordinated Universal Time),,professional-landscaping-services-in-north-south-florida,https://cdn.prod.website-files.com/6a8f67a39235e3662e5721fe/6a8f67a39235e3662e572618_Landscape%20Lighting%20Installation.svg,"Professionals design and install LED path lights, uplights, and security lighting for nighttime beauty"
Landscape Zoning & Redesign,landscape-zoning-redesign,6a8f67a39235e3662e57233b,6a8f67a39235e3662e5721ff,6a8f67a39235e3662e5728f3,false,false,Mon Dec 22 2025 22:51:14 GMT+0000 (Coordinated Universal Time),Tue Dec 23 2025 02:11:58 GMT+0000 (Coordinated Universal Time),,smart-irrigation-system-installation-in-north-south-florida,https://cdn.prod.website-files.com/6a8f67a39235e3662e5721fe/6a8f67a39235e3662e572612_Landscape%20Zoning%20%26%20Redesign.svg,Designers create irrigation zones based on plant water needs to improve efficiency and growth
Leak Detection & System Repair,leak-detection-system-repair,6a8f67a39235e3662e57233b,6a8f67a39235e3662e5721ff,6a8f67a39235e3662e5728f4,false,false,Mon Dec 22 2025 22:50:36 GMT+0000 (Coordinated Universal Time),Tue Dec 23 2025 02:11:57 GMT+0000 (Coordinated Universal Time),,smart-irrigation-system-installation-in-north-south-florida,https://cdn.prod.website-files.com/6a8f67a39235e3662e5721fe/6a8f67a39235e3662e57260f_Leak%20Detection%20%26%20System%20Repair.svg,"Professionals inspect for leaks, clogs, and misaligned heads to prevent waste and costly repairs"
Licensed & Insured Installation,licensed-insured-installation,6a8f67a39235e3662e57233b,6a8f67a39235e3662e5721ff,6a8f67a39235e3662e5728f5,false,false,Mon Dec 22 2025 20:56:49 GMT+0000 (Coordinated Universal Time),Tue Dec 23 2025 02:11:58 GMT+0000 (Coordinated Universal Time),,patio-screen-rooms-enclosures-in-north-south-florida,https://cdn.prod.website-files.com/6a8f67a39235e3662e5721fe/6a8f67a39235e3662e5725f3_Licensed%20%26%20Insured%20Installation.svg,South Florida homeowners get peace of mind with fully licensed and insured screen room builders
Lighting & Water Feature Upgrades,lighting-water-feature-upgrades,6a8f67a39235e3662e57233b,6a8f67a39235e3662e5721ff,6a8f67a39235e3662e5728f6,false,true,Mon Dec 22 2025 19:48:38 GMT+0000 (Coordinated Universal Time),Fri Dec 26 2025 17:48:33 GMT+0000 (Coordinated Universal Time),,pool-screen-enclosures-for-north-south-florida-pools,https://cdn.prod.website-files.com/6a8f67a39235e3662e5721fe/6a8f67a39235e3662e5725e3_Lighting%20%26%20Water%20Feature%20Upgrades.svg,"Installers add LED lighting, waterfalls, and fountains to enhance ambience and value."
Louvered & Adjustable Pergolas,louvered-adjustable-pergolas,6a8f67a39235e3662e57233b,6a8f67a39235e3662e5721ff,6a8f67a39235e3662e5728f7,false,false,Thu Dec 18 2025 22:18:59 GMT+0000 (Coordinated Universal Time),Sun Dec 21 2025 04:54:14 GMT+0000 (Coordinated Universal Time),,custom-aluminum-pergola-builders-in-north-south-florida,https://cdn.prod.website-files.com/6a8f67a39235e3662e5721fe/6a8f67a39235e3662e5724b2_Icon_7pergolas.svg,Adjustable pergola systems offering flexible shade control and enhanced outdoor comfort.
Low‑Profile LED Channel Installation,low-profile-led-channel-installation,6a8f67a39235e3662e57233b,6a8f67a39235e3662e5721ff,6a8f67a39235e3662e5728f8,false,false,Mon Dec 22 2025 17:11:52 GMT+0000 (Coordinated Universal Time),Tue Dec 23 2025 02:11:58 GMT+0000 (Coordinated Universal Time),,smart-soffit-led-lighting-installation-in-north-south-florida,https://cdn.prod.website-files.com/6a8f67a39235e3662e5721fe/6a8f67a39235e3662e5725c7_Low%E2%80%91Profile%20LED%20Channel%20Installation.svg,Custom installers conceal wiring in color‑matched aluminum channels for a sleek residential finish.
Manual Adjustable Louver Builders,manual-adjustable-louver-builders,6a8f67a39235e3662e57233b,6a8f67a39235e3662e5721ff,6a8f67a39235e3662e5728f9,false,false,Mon Dec 22 2025 21:31:09 GMT+0000 (Coordinated Universal Time),Tue Dec 23 2025 02:11:58 GMT+0000 (Coordinated Universal Time),,motorized-louvered-roof-systems-in-north-south-florida,https://cdn.prod.website-files.com/6a8f67a39235e3662e5721fe/6a8f67a39235e3662e5725fd_Manual%20Adjustable%20Louver%20Builders.svg,Builders construct manual louvered roofs that tilt for sun control and ventilation
Manual Retractable Screen Installers,manual-retractable-screen-installers,6a8f67a39235e3662e57233b,6a8f67a39235e3662e5721ff,6a8f67a39235e3662e5728fa,false,false,Mon Dec 22 2025 17:58:12 GMT+0000 (Coordinated Universal Time),Tue Dec 23 2025 02:11:58 GMT+0000 (Coordinated Universal Time),,motorized-retractable-screens-in-north-south-florida,https://cdn.prod.website-files.com/6a8f67a39235e3662e5721fe/6a8f67a39235e3662e5725d4_Manual%20Retractable%20Screen%20Installers.svg,"Installers fit manually operated screens for lanais and porches, providing shade and insect protection"
Modular Kitchen Installation,modular-kitchen-installation,6a8f67a39235e3662e57233b,6a8f67a39235e3662e5721ff,6a8f67a39235e3662e5728fb,false,false,Mon Dec 22 2025 20:12:15 GMT+0000 (Coordinated Universal Time),Tue Dec 23 2025 02:11:57 GMT+0000 (Coordinated Universal Time),,custom-outdoor-kitchens-for-north-south-florida-homes,https://cdn.prod.website-files.com/6a8f67a39235e3662e5721fe/6a8f67a39235e3662e5725e5_Modular%20Kitchen%20Installation.svg,"Contractors install prefabricated outdoor kitchen modules for quick, cost‑effective setups."
Modular Seating Design & Installation,modular-seating-design-installation,6a8f67a39235e3662e57233b,6a8f67a39235e3662e5721ff,6a8f67a39235e3662e5728fc,false,false,Mon Dec 22 2025 21:17:14 GMT+0000 (Coordinated Universal Time),Tue Dec 23 2025 02:11:58 GMT+0000 (Coordinated Universal Time),,premium-outdoor-furniture-for-north-south-florida-homes,https://cdn.prod.website-files.com/6a8f67a39235e3662e5721fe/6a8f67a39235e3662e5725f8_Modular%20Seating%20Design%20%26%20Installation.svg,Installers create modular seating arrangements to maximize patio space and flexibility
Motorized Louvered Roof Installation,motorized-louvered-roof-installation,6a8f67a39235e3662e57233b,6a8f67a39235e3662e5721ff,6a8f67a39235e3662e5728fd,false,false,Mon Dec 22 2025 21:30:57 GMT+0000 (Coordinated Universal Time),Tue Dec 23 2025 02:11:58 GMT+0000 (Coordinated Universal Time),,motorized-louvered-roof-systems-in-north-south-florida,https://cdn.prod.website-files.com/6a8f67a39235e3662e5721fe/6a8f67a39235e3662e5725fc_Motorized%20Louvered%20Roof%20Installation.svg,South Florida contractors install motorized aluminum louvered roofs with integrated gutters and rain sensors
Motorized Patio Screen Installation,motorized-patio-screen-installation,6a8f67a39235e3662e57233b,6a8f67a39235e3662e5721ff,6a8f67a39235e3662e5728fe,false,false,Mon Dec 22 2025 17:57:56 GMT+0000 (Coordinated Universal Time),Tue Dec 23 2025 02:11:58 GMT+0000 (Coordinated Universal Time),,motorized-retractable-screens-in-north-south-florida,https://cdn.prod.website-files.com/6a8f67a39235e3662e5721fe/6a8f67a39235e3662e5725d3_Motorized%20Patio%20Screen%20Installation.svg,South Florida contractors install motorized retractable screens that enclose patios at the touch of a button
Mulching & Edging Services,mulching-edging-services,6a8f67a39235e3662e57233b,6a8f67a39235e3662e5721ff,6a8f67a39235e3662e5728ff,false,false,Mon Dec 22 2025 23:03:46 GMT+0000 (Coordinated Universal Time),Tue Dec 23 2025 02:11:58 GMT+0000 (Coordinated Universal Time),,professional-landscaping-services-in-north-south-florida,https://cdn.prod.website-files.com/6a8f67a39235e3662e5721fe/6a8f67a39235e3662e57261a_Mulching%20%26%20Edging%20Services.svg,Landscape teams apply mulch and define edges to retain moisture and polish planting beds
Multi‑Level Deck Design & Construction,multi-level-deck-design-construction,6a8f67a39235e3662e57233b,6a8f67a39235e3662e5721ff,6a8f67a39235e3662e572900,false,false,Mon Dec 22 2025 22:37:28 GMT+0000 (Coordinated Universal Time),Tue Dec 23 2025 02:11:57 GMT+0000 (Coordinated Universal Time),,custom-deck-builders-in-north-south-florida,https://cdn.prod.website-files.com/6a8f67a39235e3662e5721fe/6a8f67a39235e3662e572606_Multi%E2%80%91Level%20Deck%20Design%20%26%20Construction.svg,"Designers create multi‑level decks for separate cooking, dining, and relaxation zones"
Native Plant & Sustainable Landscaping,native-plant-sustainable-landscaping,6a8f67a39235e3662e57233b,6a8f67a39235e3662e5721ff,6a8f67a39235e3662e572901,false,false,Mon Dec 22 2025 23:04:01 GMT+0000 (Coordinated Universal Time),Tue Dec 23 2025 02:11:58 GMT+0000 (Coordinated Universal Time),,professional-landscaping-services-in-north-south-florida,https://cdn.prod.website-files.com/6a8f67a39235e3662e5721fe/6a8f67a39235e3662e57261b_Native%20Plant%20%26%20Sustainable%20Landscaping.svg,"Designers incorporate native plants, xeriscaping, and rain gardens for eco‑friendly, low‑maintenance yards"
Non‑Insulated Screen Roof Installation,non-insulated-screen-roof-installation,6a8f67a39235e3662e57233b,6a8f67a39235e3662e5721ff,6a8f67a39235e3662e572902,false,false,Mon Dec 22 2025 20:55:39 GMT+0000 (Coordinated Universal Time),Tue Dec 23 2025 02:11:58 GMT+0000 (Coordinated Universal Time),,patio-screen-rooms-enclosures-in-north-south-florida,https://cdn.prod.website-files.com/6a8f67a39235e3662e5721fe/6a8f67a39235e3662e5725ee_Non%E2%80%91Insulated%20Screen%20Roof%20Installation.svg,"Contractors install cost‑effective, non‑insulated patio roofs that still offer bug‑free outdoor living"
Outdoor Bar & Beverage Centers,outdoor-bar-beverage-centers,6a8f67a39235e3662e57233b,6a8f67a39235e3662e5721ff,6a8f67a39235e3662e572903,false,false,Mon Dec 22 2025 20:13:16 GMT+0000 (Coordinated Universal Time),Tue Dec 23 2025 02:11:58 GMT+0000 (Coordinated Universal Time),,custom-outdoor-kitchens-for-north-south-florida-homes,https://cdn.prod.website-files.com/6a8f67a39235e3662e5721fe/6a8f67a39235e3662e5725e8_Outdoor%20Bar%20%26%20Beverage%20Centers.svg,"Contractors construct bars with sinks, refrigeration, and lighting for residential outdoor entertaining"
Outdoor Furniture Renovation Services,outdoor-furniture-renovation-services,6a8f67a39235e3662e57233b,6a8f67a39235e3662e5721ff,6a8f67a39235e3662e572904,false,false,Mon Dec 22 2025 21:17:42 GMT+0000 (Coordinated Universal Time),Tue Dec 23 2025 02:11:58 GMT+0000 (Coordinated Universal Time),,premium-outdoor-furniture-for-north-south-florida-homes,https://cdn.prod.website-files.com/6a8f67a39235e3662e5721fe/6a8f67a39235e3662e5725fa_Outdoor%20Furniture%20Renovation%20Services.svg,Contractors refurbish existing furniture with durable finishes and cushions for continued use.
Outdoor Kitchen Remodeling,outdoor-kitchen-remodeling,6a8f67a39235e3662e57233b,6a8f67a39235e3662e5721ff,6a8f67a39235e3662e572905,false,false,Mon Dec 22 2025 20:13:41 GMT+0000 (Coordinated Universal Time),Tue Dec 23 2025 02:11:58 GMT+0000 (Coordinated Universal Time),,custom-outdoor-kitchens-for-north-south-florida-homes,https://cdn.prod.website-files.com/6a8f67a39235e3662e5721fe/6a8f67a39235e3662e5725e9_Outdoor%20Kitchen%20Remodeling.svg,"Renovation experts upgrade existing outdoor kitchens with new finishes, appliances, and layouts"
Outdoor Pizza Oven Builders,outdoor-pizza-oven-builders,6a8f67a39235e3662e57233b,6a8f67a39235e3662e5721ff,6a8f67a39235e3662e572906,false,false,Mon Dec 22 2025 20:12:50 GMT+0000 (Coordinated Universal Time),Tue Dec 23 2025 02:11:58 GMT+0000 (Coordinated Universal Time),,custom-outdoor-kitchens-for-north-south-florida-homes,https://cdn.prod.website-files.com/6a8f67a39235e3662e5721fe/6a8f67a39235e3662e5725e7_Outdoor%20Pizza%20Oven%20Builders.svg,"Builders install wood‑fired or gas pizza ovens, adding artisan cooking options to outdoor kitchens"
Patio Screen Room Conversion,patio-screen-room-conversion,6a8f67a39235e3662e57233b,6a8f67a39235e3662e5721ff,6a8f67a39235e3662e572907,false,false,Mon Dec 22 2025 19:34:28 GMT+0000 (Coordinated Universal Time),Tue Dec 23 2025 02:11:58 GMT+0000 (Coordinated Universal Time),,pool-screen-enclosures-for-north-south-florida-pools,https://cdn.prod.website-files.com/6a8f67a39235e3662e5721fe/6a8f67a39235e3662e5725e1_Patio%20Screen%20Room%20Conversion.svg,"Contractors convert patios into enclosed screen rooms, creating multi‑use outdoor spaces."
Pergola Lighting Integration,pergola-lighting-integration,6a8f67a39235e3662e57233b,6a8f67a39235e3662e5721ff,6a8f67a39235e3662e572908,false,false,Thu Dec 18 2025 22:19:47 GMT+0000 (Coordinated Universal Time),Sun Dec 21 2025 04:54:14 GMT+0000 (Coordinated Universal Time),,custom-aluminum-pergola-builders-in-north-south-florida,https://cdn.prod.website-files.com/6a8f67a39235e3662e5721fe/6a8f67a39235e3662e5724b1_Icon_6pergolas.svg,"Integrated lighting solutions that improve functionality, ambiance, and nighttime usability."
Permanent Holiday Lighting Installers,permanent-holiday-lighting-installers,6a8f67a39235e3662e57233b,6a8f67a39235e3662e5721ff,6a8f67a39235e3662e572909,false,false,Mon Dec 22 2025 17:10:40 GMT+0000 (Coordinated Universal Time),Fri Dec 26 2025 17:46:21 GMT+0000 (Coordinated Universal Time),,smart-soffit-led-lighting-installation-in-north-south-florida,https://cdn.prod.website-files.com/6a8f67a39235e3662e5721fe/6a8f67a39235e3662e5725c4_Permanent%20Holiday%20Lighting%20Installers.svg,Installers mount programmable soffit LEDs that give Florida homeowners year‑round holiday colors.
Permit & Contractor Coordination,permit-contractor-coordination,6a8f67a39235e3662e57233b,6a8f67a39235e3662e5721ff,6a8f67a39235e3662e57290a,false,false,Mon Dec 22 2025 20:14:14 GMT+0000 (Coordinated Universal Time),Tue Dec 23 2025 02:11:58 GMT+0000 (Coordinated Universal Time),,custom-outdoor-kitchens-for-north-south-florida-homes,https://cdn.prod.website-files.com/6a8f67a39235e3662e5721fe/6a8f67a39235e3662e5725eb_Permit%20%26%20Contractor%20Coordination.svg,Professionals handle permits and coordinate subcontractors for seamless outdoor kitchen projects
Permit & Engineering Management,permit-engineering-management,6a8f67a39235e3662e57233b,6a8f67a39235e3662e5721ff,6a8f67a39235e3662e57290b,false,false,Mon Dec 22 2025 19:34:12 GMT+0000 (Coordinated Universal Time),Tue Dec 23 2025 02:11:57 GMT+0000 (Coordinated Universal Time),,pool-screen-enclosures-for-north-south-florida-pools,https://cdn.prod.website-files.com/6a8f67a39235e3662e5721fe/6a8f67a39235e3662e5725e0_Permit%20%26%20Engineering%20Management.svg,Professionals handle permits and engineering for pool cage installations and renovations.
Plant & Tree Installation Services,plant-tree-installation-services,6a8f67a39235e3662e57233b,6a8f67a39235e3662e5721ff,6a8f67a39235e3662e57290c,false,false,Mon Dec 22 2025 23:02:49 GMT+0000 (Coordinated Universal Time),Tue Dec 23 2025 02:11:58 GMT+0000 (Coordinated Universal Time),,professional-landscaping-services-in-north-south-florida,https://cdn.prod.website-files.com/6a8f67a39235e3662e5721fe/6a8f67a39235e3662e572616_Plant%20%26%20Tree%20Installation%20Services.svg,"Landscape contractors plant trees, shrubs, and flowers using proper techniques for long‑term health"
Pool Deck & Hardscape Remodeling,pool-deck-hardscape-remodeling,6a8f67a39235e3662e57233b,6a8f67a39235e3662e5721ff,6a8f67a39235e3662e57290d,false,false,Thu Dec 18 2025 19:50:44 GMT+0000 (Coordinated Universal Time),Sun Dec 21 2025 04:54:14 GMT+0000 (Coordinated Universal Time),,custom-pool-spa-builders-in-north-south-florida,https://cdn.prod.website-files.com/6a8f67a39235e3662e5721fe/6a8f67a39235e3662e572494_Icon_6remodeling.svg,Pool deck remodeling using pavers or concrete for safety and durability.
Pool Deck Installation & Renovation,pool-deck-installation-renovation,6a8f67a39235e3662e57233b,6a8f67a39235e3662e5721ff,6a8f67a39235e3662e57290e,false,false,Mon Dec 22 2025 22:37:45 GMT+0000 (Coordinated Universal Time),Tue Dec 23 2025 02:11:57 GMT+0000 (Coordinated Universal Time),,custom-deck-builders-in-north-south-florida,https://cdn.prod.website-files.com/6a8f67a39235e3662e5721fe/6a8f67a39235e3662e572607_Pool%20Deck%20Installation%20%26%20Renovation.svg,Installers construct slip‑resistant pool decks and remodel existing surfaces with safe materials
Pool Deck Resurfacing,pool-deck-resurfacing,6a8f67a39235e3662e57233b,6a8f67a39235e3662e5721ff,6a8f67a39235e3662e57290f,false,false,Thu Dec 18 2025 21:22:16 GMT+0000 (Coordinated Universal Time),Sun Dec 21 2025 04:54:14 GMT+0000 (Coordinated Universal Time),,pool-remodeling-renovation-in-north-south-florida,https://cdn.prod.website-files.com/6a8f67a39235e3662e5721fe/6a8f67a39235e3662e572494_Icon_6remodeling.svg,"Pool deck resurfacing services that improve safety, appearance, and outdoor functionality."
Pool Enclosure Remodeling,pool-enclosure-remodeling,6a8f67a39235e3662e57233b,6a8f67a39235e3662e5721ff,6a8f67a39235e3662e572910,false,false,Mon Dec 22 2025 19:34:46 GMT+0000 (Coordinated Universal Time),Tue Dec 23 2025 02:11:58 GMT+0000 (Coordinated Universal Time),,pool-screen-enclosures-for-north-south-florida-pools,https://cdn.prod.website-files.com/6a8f67a39235e3662e5721fe/6a8f67a39235e3662e5725e2_Pool%20Enclosure%20Remodeling.svg,"Renovation specialists update existing screen enclosures with new framing, doors, and finishes."
Pool Equipment Installation & Automation,pool-equipment-installation-automation,6a8f67a39235e3662e57233b,6a8f67a39235e3662e5721ff,6a8f67a39235e3662e572911,false,false,Thu Dec 18 2025 01:24:03 GMT+0000 (Coordinated Universal Time),Sun Dec 21 2025 04:54:14 GMT+0000 (Coordinated Universal Time),,custom-pool-spa-builders-in-north-south-florida,https://cdn.prod.website-files.com/6a8f67a39235e3662e5721fe/6a8f67a39235e3662e572491_Icon_4.svg,"Modern pumps, filters, heaters, and automation systems for efficient pool use."
Pool Equipment Upgrades,pool-equipment-upgrades,6a8f67a39235e3662e57233b,6a8f67a39235e3662e5721ff,6a8f67a39235e3662e572912,false,false,Thu Dec 18 2025 21:17:52 GMT+0000 (Coordinated Universal Time),Sun Dec 21 2025 04:54:14 GMT+0000 (Coordinated Universal Time),,pool-remodeling-renovation-in-north-south-florida,https://cdn.prod.website-files.com/6a8f67a39235e3662e5721fe/6a8f67a39235e3662e572498_Icon_3remodeling.svg,"Modern pool equipment upgrades that improve circulation, filtration, and overall system efficiency."
Pool Finishes & Interior Surface Installation,pool-finishes-interior-surface-installation,6a8f67a39235e3662e57233b,6a8f67a39235e3662e5721ff,6a8f67a39235e3662e572913,false,false,Thu Dec 18 2025 01:24:41 GMT+0000 (Coordinated Universal Time),Sun Dec 21 2025 04:54:14 GMT+0000 (Coordinated Universal Time),,custom-pool-spa-builders-in-north-south-florida,https://cdn.prod.website-files.com/6a8f67a39235e3662e5721fe/6a8f67a39235e3662e572492_Icon_7remodeling.svg,"Interior pool finishes including plaster, quartz, and pebble for lasting beauty."
Pool Plumbing & Circulation Systems Installation,pool-plumbing-circulation-systems-installation,6a8f67a39235e3662e57233b,6a8f67a39235e3662e5721ff,6a8f67a39235e3662e572914,false,false,Thu Dec 18 2025 01:23:41 GMT+0000 (Coordinated Universal Time),Sun Dec 21 2025 04:54:14 GMT+0000 (Coordinated Universal Time),,custom-pool-spa-builders-in-north-south-florida,https://cdn.prod.website-files.com/6a8f67a39235e3662e5721fe/6a8f67a39235e3662e572490_Icon_3.svg,Plumbing and circulation upgrades for proper water flow and filtration.
Pool Resurfacing & Finishes,pool-resurfacing-finishes,6a8f67a39235e3662e57233b,6a8f67a39235e3662e5721ff,6a8f67a39235e3662e572915,false,false,Thu Dec 18 2025 21:17:18 GMT+0000 (Coordinated Universal Time),Sun Dec 21 2025 04:54:14 GMT+0000 (Coordinated Universal Time),,pool-remodeling-renovation-in-north-south-florida,https://cdn.prod.website-files.com/6a8f67a39235e3662e5721fe/6a8f67a39235e3662e572496_Icon_1remodeling.svg,"Pool resurfacing solutions including plaster, quartz, and pebble finishes for durability and style."
Pool Tile & Coping Installation,pool-tile-coping-installation,6a8f67a39235e3662e57233b,6a8f67a39235e3662e5721ff,6a8f67a39235e3662e572916,false,false,Thu Dec 18 2025 01:25:11 GMT+0000 (Coordinated Universal Time),Sun Dec 21 2025 04:54:14 GMT+0000 (Coordinated Universal Time),,custom-pool-spa-builders-in-north-south-florida,https://cdn.prod.website-files.com/6a8f67a39235e3662e5721fe/6a8f67a39235e3662e572493_Icon_6.svg,"Tile and coping upgrades that improve pool safety, durability, and modern design."
Porch & Deck Screen Room Conversion,porch-deck-screen-room-conversion,6a8f67a39235e3662e57233b,6a8f67a39235e3662e5721ff,6a8f67a39235e3662e572917,false,false,Mon Dec 22 2025 20:55:55 GMT+0000 (Coordinated Universal Time),Tue Dec 23 2025 02:11:57 GMT+0000 (Coordinated Universal Time),,patio-screen-rooms-enclosures-in-north-south-florida,https://cdn.prod.website-files.com/6a8f67a39235e3662e5721fe/6a8f67a39235e3662e5725ef_Porch%20%26%20Deck%20Screen%20Room%20Conversion.svg,"Builders convert existing porches or decks into screen rooms, creating multi‑use spaces"
Pressure‑Treated Wood Deck Builders,pressure-treated-wood-deck-builders,6a8f67a39235e3662e57233b,6a8f67a39235e3662e5721ff,6a8f67a39235e3662e572918,false,false,Mon Dec 22 2025 22:37:14 GMT+0000 (Coordinated Universal Time),Tue Dec 23 2025 02:11:58 GMT+0000 (Coordinated Universal Time),,custom-deck-builders-in-north-south-florida,https://cdn.prod.website-files.com/6a8f67a39235e3662e5721fe/6a8f67a39235e3662e572605_Pressure%E2%80%91Treated%20Wood%20Deck%20Builders.svg,"Contractors build pressure‑treated pine decks, sealing and staining for natural beauty"
Pre‑Engineered Steel Kit Assembly,pre-engineered-steel-kit-assembly,6a8f67a39235e3662e57233b,6a8f67a39235e3662e5721ff,6a8f67a39235e3662e572919,false,false,Mon Dec 22 2025 17:41:53 GMT+0000 (Coordinated Universal Time),Tue Dec 23 2025 02:11:57 GMT+0000 (Coordinated Universal Time),,steel-building-pole-barn-construction-in-north-south-florida,https://cdn.prod.website-files.com/6a8f67a39235e3662e5721fe/6a8f67a39235e3662e5725ce_Pre%E2%80%91Engineered%20Steel%20Kit%20Assembly.svg,"Installers erect pre‑engineered steel building kits on concrete foundations for homeowners.
"
Professional Furniture Installation & Staging,professional-furniture-installation-staging,6a8f67a39235e3662e57233b,6a8f67a39235e3662e5721ff,6a8f67a39235e3662e57291a,false,false,Mon Dec 22 2025 21:17:56 GMT+0000 (Coordinated Universal Time),Tue Dec 23 2025 02:11:58 GMT+0000 (Coordinated Universal Time),,premium-outdoor-furniture-for-north-south-florida-homes,https://cdn.prod.website-files.com/6a8f67a39235e3662e5721fe/6a8f67a39235e3662e5725fb_Professional%20Furniture%20Installation%20%26%20Staging.svg,South Florida installers professionally place and secure outdoor furniture for a polished look.
Rescreening & Mesh Replacement,rescreening-mesh-replacement,6a8f67a39235e3662e57233b,6a8f67a39235e3662e5721ff,6a8f67a39235e3662e57291b,false,false,Mon Dec 22 2025 19:33:02 GMT+0000 (Coordinated Universal Time),Tue Dec 23 2025 02:11:57 GMT+0000 (Coordinated Universal Time),,pool-screen-enclosures-for-north-south-florida-pools,https://cdn.prod.website-files.com/6a8f67a39235e3662e5721fe/6a8f67a39235e3662e5725dd_Rescreening%20%26%20Mesh%20Replacement.svg,South Florida crews rescreen entire pool enclosures to restore like‑new appearance.
Residential & Commercial Pergolas,residential-commercial-pergolas,6a8f67a39235e3662e57233b,6a8f67a39235e3662e5721ff,6a8f67a39235e3662e57291c,false,false,Thu Dec 18 2025 22:20:12 GMT+0000 (Coordinated Universal Time),Sun Dec 21 2025 04:54:14 GMT+0000 (Coordinated Universal Time),,custom-aluminum-pergola-builders-in-north-south-florida,https://cdn.prod.website-files.com/68f18633d5478a29ee1522e9/69447de9b9a5e863d0159fd0_Icon_5pergolas.svg,Pergola solutions designed for residential homes and commercial outdoor environments.
Rooftop Deck Builders,rooftop-deck-builders,6a8f67a39235e3662e57233b,6a8f67a39235e3662e5721ff,6a8f67a39235e3662e57291d,false,false,Mon Dec 22 2025 22:37:57 GMT+0000 (Coordinated Universal Time),Tue Dec 23 2025 02:11:58 GMT+0000 (Coordinated Universal Time),,custom-deck-builders-in-north-south-florida,https://cdn.prod.website-files.com/6a8f67a39235e3662e5721fe/6a8f67a39235e3662e572608_Rooftop%20Deck%20Builders.svg,Contractors build rooftop decks that maximize outdoor space with privacy and scenic views
Screen Enclosure Repair Services,screen-enclosure-repair-services,6a8f67a39235e3662e57233b,6a8f67a39235e3662e5721ff,6a8f67a39235e3662e57291e,false,false,Mon Dec 22 2025 19:33:24 GMT+0000 (Coordinated Universal Time),Tue Dec 23 2025 02:11:58 GMT+0000 (Coordinated Universal Time),,pool-screen-enclosures-for-north-south-florida-pools,https://cdn.prod.website-files.com/6a8f67a39235e3662e5721fe/6a8f67a39235e3662e5725de_Screen%20Enclosure%20Repair%20Services.svg,"Contractors repair damaged panels, fasteners, and doors on existing enclosures for Florida homeowners."
Screen Replacement & Repair Contractors,screen-replacement-repair-contractors,6a8f67a39235e3662e57233b,6a8f67a39235e3662e5721ff,6a8f67a39235e3662e57291f,false,false,Mon Dec 22 2025 17:58:39 GMT+0000 (Coordinated Universal Time),Tue Dec 23 2025 02:11:58 GMT+0000 (Coordinated Universal Time),,motorized-retractable-screens-in-north-south-florida,https://cdn.prod.website-files.com/6a8f67a39235e3662e5721fe/6a8f67a39235e3662e5725d6_Screen%20Replacement%20%26%20Repair%20Contractors.svg,North Florida contractors replace damaged screens and perform repairs to restore retractable systems
Screen Room Design & Installation,screen-room-design-installation,6a8f67a39235e3662e57233b,6a8f67a39235e3662e5721ff,6a8f67a39235e3662e572920,false,false,Mon Dec 22 2025 20:55:10 GMT+0000 (Coordinated Universal Time),Tue Dec 23 2025 02:11:58 GMT+0000 (Coordinated Universal Time),,patio-screen-rooms-enclosures-in-north-south-florida,https://cdn.prod.website-files.com/6a8f67a39235e3662e5721fe/6a8f67a39235e3662e5725ec_Screen%20Room%20Design%20%26%20Installation.svg,North & South Florida contractors design and build custom patio screen rooms for residential comfort
Screen Room Remodeling & Upgrades,screen-room-remodeling-upgrades,6a8f67a39235e3662e57233b,6a8f67a39235e3662e5721ff,6a8f67a39235e3662e572921,false,false,Mon Dec 22 2025 20:56:08 GMT+0000 (Coordinated Universal Time),Tue Dec 23 2025 02:11:57 GMT+0000 (Coordinated Universal Time),,patio-screen-rooms-enclosures-in-north-south-florida,https://cdn.prod.website-files.com/6a8f67a39235e3662e5721fe/6a8f67a39235e3662e5725f0_Screen%20Room%20Remodeling%20%26%20Upgrades.svg,"Renovation experts add new doors, windows, and finishes to upgrade patio screen rooms for Florida homeowners"
Seasonal Maintenance & Optimization,seasonal-maintenance-optimization,6a8f67a39235e3662e57233b,6a8f67a39235e3662e5721ff,6a8f67a39235e3662e572922,false,false,Mon Dec 22 2025 22:51:26 GMT+0000 (Coordinated Universal Time),Tue Dec 23 2025 02:11:59 GMT+0000 (Coordinated Universal Time),,smart-irrigation-system-installation-in-north-south-florida,https://cdn.prod.website-files.com/6a8f67a39235e3662e5721fe/6a8f67a39235e3662e572613_Seasonal%20Maintenance%20%26%20Optimization.svg,"Contractors perform seasonal inspections, adjust schedules, and maintain irrigation systems for Florida homeowners"
Seasonal Maintenance & Repair,seasonal-maintenance-repair,6a8f67a39235e3662e57233b,6a8f67a39235e3662e5721ff,6a8f67a39235e3662e572923,false,false,Mon Dec 22 2025 21:32:53 GMT+0000 (Coordinated Universal Time),Tue Dec 23 2025 02:11:58 GMT+0000 (Coordinated Universal Time),,motorized-louvered-roof-systems-in-north-south-florida,https://cdn.prod.website-files.com/6a8f67a39235e3662e5721fe/6a8f67a39235e3662e572603_Seasonal%20Maintenance%20%26%20Repair.svg,Contractors provide maintenance and repair services to keep louvered roofs operating smoothly
Security Accent Lighting Contractors,security-accent-lighting-contractors,6a8f67a39235e3662e57233b,6a8f67a39235e3662e5721ff,6a8f67a39235e3662e572924,false,false,Mon Dec 22 2025 17:12:10 GMT+0000 (Coordinated Universal Time),Tue Dec 23 2025 02:11:57 GMT+0000 (Coordinated Universal Time),,smart-soffit-led-lighting-installation-in-north-south-florida,https://cdn.prod.website-files.com/6a8f67a39235e3662e5721fe/6a8f67a39235e3662e5725c8_Security%20Accent%20Lighting%20Contractors.svg,Renovation pros install soffit LEDs that improve nighttime security around Florida homes.
Smart Irrigation Controller Installation,smart-irrigation-controller-installation,6a8f67a39235e3662e57233b,6a8f67a39235e3662e5721ff,6a8f67a39235e3662e572925,false,false,Mon Dec 22 2025 22:49:55 GMT+0000 (Coordinated Universal Time),Tue Dec 23 2025 02:11:57 GMT+0000 (Coordinated Universal Time),,smart-irrigation-system-installation-in-north-south-florida,https://cdn.prod.website-files.com/6a8f67a39235e3662e5721fe/6a8f67a39235e3662e57260c_Smart%20Irrigation%20Controller%20Installation.svg,South Florida installers fit smart controllers that cut water use by 20‑40% with weather‑based adjustments
Smart Remote Screen Integration,smart-remote-screen-integration,6a8f67a39235e3662e57233b,6a8f67a39235e3662e5721ff,6a8f67a39235e3662e572926,false,false,Mon Dec 22 2025 17:59:33 GMT+0000 (Coordinated Universal Time),Tue Dec 23 2025 02:11:58 GMT+0000 (Coordinated Universal Time),,motorized-retractable-screens-in-north-south-florida,https://cdn.prod.website-files.com/6a8f67a39235e3662e5721fe/6a8f67a39235e3662e5725d9_Smart%20Remote%20Screen%20Integration.svg,Installers integrate remote controls or smart devices to operate retractable screens seamlessly.
Smart Sensor Roof Integration,smart-sensor-roof-integration,6a8f67a39235e3662e57233b,6a8f67a39235e3662e5721ff,6a8f67a39235e3662e572927,false,false,Mon Dec 22 2025 21:31:24 GMT+0000 (Coordinated Universal Time),Tue Dec 23 2025 02:11:57 GMT+0000 (Coordinated Universal Time),,motorized-louvered-roof-systems-in-north-south-florida,https://cdn.prod.website-files.com/6a8f67a39235e3662e5721fe/6a8f67a39235e3662e5725fe_Smart%20Sensor%20Roof%20Integration.svg,Installers add rain sensors and automation to louvered roofs for hands‑free protection
Smartphone‑Controlled Lighting Setup,smartphone-controlled-lighting-setup,6a8f67a39235e3662e57233b,6a8f67a39235e3662e5721ff,6a8f67a39235e3662e572928,false,false,Mon Dec 22 2025 17:11:38 GMT+0000 (Coordinated Universal Time),Fri Dec 26 2025 17:44:13 GMT+0000 (Coordinated Universal Time),,smart-soffit-led-lighting-installation-in-north-south-florida,https://cdn.prod.website-files.com/6a8f67a39235e3662e5721fe/6a8f67a39235e3662e5725c6_Smartphone%E2%80%91Controlled%20Lighting%20Setup.svg,Contractors integrate smart controllers so homeowners adjust soffit lighting via phone apps.
Sod Installation Contractors,sod-installation-contractors,6a8f67a39235e3662e57233b,6a8f67a39235e3662e5721ff,6a8f67a39235e3662e572929,false,false,Mon Dec 22 2025 23:02:37 GMT+0000 (Coordinated Universal Time),Tue Dec 23 2025 02:11:57 GMT+0000 (Coordinated Universal Time),,professional-landscaping-services-in-north-south-florida,https://cdn.prod.website-files.com/6a8f67a39235e3662e5721fe/6a8f67a39235e3662e572615_Sod%20Installation%20Contractors.svg,"Installers lay fresh, high‑quality sod to instantly improve curb appeal and establish new lawns"
Spa Remodeling & Integration,spa-remodeling-integration,6a8f67a39235e3662e57233b,6a8f67a39235e3662e5721ff,6a8f67a39235e3662e57292a,false,false,Thu Dec 18 2025 21:22:35 GMT+0000 (Coordinated Universal Time),Sun Dec 21 2025 04:54:14 GMT+0000 (Coordinated Universal Time),,pool-remodeling-renovation-in-north-south-florida,https://cdn.prod.website-files.com/6a8f67a39235e3662e5721fe/6a8f67a39235e3662e572492_Icon_7remodeling.svg,Spa remodeling and integration services that complement pool renovations for added comfort.
Sprinkler System Installation & Repair,sprinkler-system-installation-repair,6a8f67a39235e3662e57233b,6a8f67a39235e3662e5721ff,6a8f67a39235e3662e57292b,false,false,Mon Dec 22 2025 22:50:07 GMT+0000 (Coordinated Universal Time),Tue Dec 23 2025 02:11:57 GMT+0000 (Coordinated Universal Time),,smart-irrigation-system-installation-in-north-south-florida,https://cdn.prod.website-files.com/6a8f67a39235e3662e5721fe/6a8f67a39235e3662e57260d_Sprinkler%20System%20Installation%20%26%20Repair.svg,"Contractors design, install, and repair in‑ground sprinkler systems to prevent overwatering and dry spots"
Steel Building Renovation Services,steel-building-renovation-services,6a8f67a39235e3662e57233b,6a8f67a39235e3662e5721ff,6a8f67a39235e3662e57292c,false,false,Mon Dec 22 2025 17:42:36 GMT+0000 (Coordinated Universal Time),Tue Dec 23 2025 02:11:58 GMT+0000 (Coordinated Universal Time),,steel-building-pole-barn-construction-in-north-south-florida,https://cdn.prod.website-files.com/6a8f67a39235e3662e5721fe/6a8f67a39235e3662e5725d0_Steel%20Building%20Renovation%20Services.svg,Contractors renovate and expand existing pole barns and steel buildings for residential use.
Steel Garage Construction,steel-garage-construction,6a8f67a39235e3662e57233b,6a8f67a39235e3662e5721ff,6a8f67a39235e3662e57292d,false,false,Mon Dec 22 2025 17:41:13 GMT+0000 (Coordinated Universal Time),Tue Dec 23 2025 02:11:57 GMT+0000 (Coordinated Universal Time),,steel-building-pole-barn-construction-in-north-south-florida,https://cdn.prod.website-files.com/6a8f67a39235e3662e5721fe/6a8f67a39235e3662e5725cc_Steel%20Garage%20Construction.svg,Builders install steel garages and workshops that meet local codes and withstand Florida weather.
Structural Pool Repairs,structural-pool-repairs,6a8f67a39235e3662e57233b,6a8f67a39235e3662e5721ff,6a8f67a39235e3662e57292e,false,false,Thu Dec 18 2025 21:18:24 GMT+0000 (Coordinated Universal Time),Sun Dec 21 2025 04:54:14 GMT+0000 (Coordinated Universal Time),,pool-remodeling-renovation-in-north-south-florida,https://cdn.prod.website-files.com/6a8f67a39235e3662e5721fe/6a8f67a39235e3662e57249a_Icon_5remodeling.svg,"Professional pool repairs addressing cracks, leaks, and structural issues for lasting performance."
Structural Tie‑In & Matching,structural-tie-in-matching,6a8f67a39235e3662e57233b,6a8f67a39235e3662e5721ff,6a8f67a39235e3662e57292f,false,false,Mon Dec 22 2025 20:56:23 GMT+0000 (Coordinated Universal Time),Tue Dec 23 2025 02:11:57 GMT+0000 (Coordinated Universal Time),,patio-screen-rooms-enclosures-in-north-south-florida,https://cdn.prod.website-files.com/6a8f67a39235e3662e5721fe/6a8f67a39235e3662e5725f1_Structural%20Tie%E2%80%91In%20%26%20Matching.svg,Contractors tie screen rooms into existing structures and match the home’s architectural style
Sustainable Outdoor Furniture Solutions,sustainable-outdoor-furniture-solutions,6a8f67a39235e3662e57233b,6a8f67a39235e3662e5721ff,6a8f67a39235e3662e572930,false,false,Mon Dec 22 2025 21:17:28 GMT+0000 (Coordinated Universal Time),Tue Dec 23 2025 02:11:58 GMT+0000 (Coordinated Universal Time),,premium-outdoor-furniture-for-north-south-florida-homes,https://cdn.prod.website-files.com/6a8f67a39235e3662e5721fe/6a8f67a39235e3662e5725f9_Sustainable%20Outdoor%20Furniture%20Solutions.svg,Designers recommend eco‑friendly materials and accessories for environmentally conscious homeowners
Teak & Hardwood Furniture Installation,teak-hardwood-furniture-installation,6a8f67a39235e3662e57233b,6a8f67a39235e3662e5721ff,6a8f67a39235e3662e572931,false,false,Mon Dec 22 2025 21:16:34 GMT+0000 (Coordinated Universal Time),Tue Dec 23 2025 02:11:58 GMT+0000 (Coordinated Universal Time),,premium-outdoor-furniture-for-north-south-florida-homes,https://cdn.prod.website-files.com/6a8f67a39235e3662e5721fe/6a8f67a39235e3662e5725f5_Teak%20%26%20Hardwood%20Furniture%20Installation.svg,Installers assemble and install durable teak and hardwood furniture sets for residential patios.
Tile & Coping Replacement,tile-coping-replacement,6a8f67a39235e3662e57233b,6a8f67a39235e3662e5721ff,6a8f67a39235e3662e572932,false,false,Thu Dec 18 2025 21:17:35 GMT+0000 (Coordinated Universal Time),Sun Dec 21 2025 04:54:14 GMT+0000 (Coordinated Universal Time),,pool-remodeling-renovation-in-north-south-florida,https://cdn.prod.website-files.com/6a8f67a39235e3662e5721fe/6a8f67a39235e3662e572497_Icon_2remodeling.svg,"Tile and coping upgrades that enhance pool safety, aesthetics, and long-term structural protection."
Upgraded Mesh & Fabric Replacement,upgraded-mesh-fabric-replacement,6a8f67a39235e3662e57233b,6a8f67a39235e3662e5721ff,6a8f67a39235e3662e572933,false,false,Mon Dec 22 2025 17:59:49 GMT+0000 (Coordinated Universal Time),Tue Dec 23 2025 02:11:57 GMT+0000 (Coordinated Universal Time),,motorized-retractable-screens-in-north-south-florida,https://cdn.prod.website-files.com/6a8f67a39235e3662e5721fe/6a8f67a39235e3662e5725da_Upgraded%20Mesh%20%26%20Fabric%20Replacement.svg,"Renovation experts replace screen mesh with upgraded, durable fabrics for improved visibility and protection."
Weather‑Rated Steel Building Installation,weather-rated-steel-building-installation,6a8f67a39235e3662e57233b,6a8f67a39235e3662e5721ff,6a8f67a39235e3662e572934,false,false,Mon Dec 22 2025 17:43:19 GMT+0000 (Coordinated Universal Time),Tue Dec 23 2025 02:11:58 GMT+0000 (Coordinated Universal Time),,steel-building-pole-barn-construction-in-north-south-florida,https://cdn.prod.website-files.com/6a8f67a39235e3662e5721fe/6a8f67a39235e3662e5725d2_Weather%E2%80%91Rated%20Steel%20Building%20Installation.svg,Builders install hurricane‑rated steel buildings engineered to handle heavy winds and rain.
Weather‑Resistant Soffit Lighting,weather-resistant-soffit-lighting,6a8f67a39235e3662e57233b,6a8f67a39235e3662e5721ff,6a8f67a39235e3662e572935,false,false,Mon Dec 22 2025 17:10:59 GMT+0000 (Coordinated Universal Time),Fri Dec 26 2025 17:44:16 GMT+0000 (Coordinated Universal Time),,smart-soffit-led-lighting-installation-in-north-south-florida,https://cdn.prod.website-files.com/6a8f67a39235e3662e5721fe/6a8f67a39235e3662e5725c5_Weather%E2%80%91Resistant%20Soffit%20Lighting.svg,"Builders fit durable, weatherproof soffit LED systems to protect against Florida storms."
Weather‑Sensing Irrigation Upgrades,weather-sensing-irrigation-upgrades,6a8f67a39235e3662e57233b,6a8f67a39235e3662e5721ff,6a8f67a39235e3662e572936,false,false,Mon Dec 22 2025 22:50:49 GMT+0000 (Coordinated Universal Time),Tue Dec 23 2025 02:11:57 GMT+0000 (Coordinated Universal Time),,smart-irrigation-system-installation-in-north-south-florida,https://cdn.prod.website-files.com/6a8f67a39235e3662e5721fe/6a8f67a39235e3662e572610_Weather%E2%80%91Sensing%20Irrigation%20Upgrades.svg,Contractors retrofit systems with soil moisture sensors and rain sensors to optimize watering
Wicker Lounge Set Installation,wicker-lounge-set-installation,6a8f67a39235e3662e57233b,6a8f67a39235e3662e5721ff,6a8f67a39235e3662e572937,false,false,Mon Dec 22 2025 21:17:01 GMT+0000 (Coordinated Universal Time),Tue Dec 23 2025 02:11:58 GMT+0000 (Coordinated Universal Time),,premium-outdoor-furniture-for-north-south-florida-homes,https://cdn.prod.website-files.com/6a8f67a39235e3662e5721fe/6a8f67a39235e3662e5725f7_Wicker%20Lounge%20Set%20Installation.svg,Builders set up weather‑proof wicker lounges and seating areas that blend comfort and style
Pergola Construction,pergola-construction,6a8f67a39235e3662e57233b,6a8f67a39235e3662e5721ff,6a8f67a39235e3662e572938,false,false,Thu Dec 18 2025 22:17:28 GMT+0000 (Coordinated Universal Time),Tue May 19 2026 13:20:50 GMT+0000 (Coordinated Universal Time),,custom-aluminum-pergola-builders-in-north-south-florida,https://cdn.prod.website-files.com/6a8f67a39235e3662e5721fe/6a8f67a39235e3662e57249d_Icon_2pergolas.svg,Custom pergolas crafted with treated materials for natural beauty and structural reliability.
Wood‑Look Aluminum Finish Installation,wood-look-aluminum-finish-installation,6a8f67a39235e3662e57233b,6a8f67a39235e3662e5721ff,6a8f67a39235e3662e572939,false,false,Mon Dec 22 2025 21:32:14 GMT+0000 (Coordinated Universal Time),Tue Dec 23 2025 02:11:59 GMT+0000 (Coordinated Universal Time),,motorized-louvered-roof-systems-in-north-south-florida,https://cdn.prod.website-files.com/6a8f67a39235e3662e5721fe/6a8f67a39235e3662e572601_Wood%E2%80%91Look%20Aluminum%20Finish%20Installation.svg,"Builders offer wood‑grain aluminum finishes for louvered roofs, blending with residential exteriors"
